deviceID,aX,aY,aZ,gX,gY,gZ
SPU4,3.43,10.18,0.30,0.31,0.45,0.68
SPU4,-1.82,11.87,1.22,0.31,0.45,0.68
SPU4,4.96,7.96,-1.54,0.31,0.45,0.68
SPU4,4.35,11.18,-1.92,0.31,0.45,0.68
SPU4,3.24,7.66,0.41,0.31,0.45,0.68
SPU4,3.24,7.66,0.41,-0.21,-0.32,-0.20
SPU4,2.97,8.54,-0.08,-0.21,-0.32,-0.20
SPU4,2.97,8.54,-0.08,0.09,-0.30,0.02
SPU4,2.97,8.54,-0.08,0.10,-0.17,0.15
SPU4,2.97,8.54,-0.08,0.70,-0.31,0.44
SPU4,2.97,8.54,-0.08,0.32,-2.55,1.92
SPU4,2.97,8.54,-0.08,1.55,-0.17,1.50
SPU4,4.24,3.17,-0.31,1.55,-0.17,1.50
SPU4,26.34,13.36,-13.53,1.55,-0.17,1.50
SPU4,19.71,9.99,-12.19,1.55,-0.17,1.50
SPU4,-4.50,18.27,2.06,1.55,-0.17,1.50
SPU4,-3.39,3.06,-0.20,1.55,-0.17,1.50
SPU4,-8.52,6.93,0.95,1.55,-0.17,1.50
SPU4,-2.39,0.11,0.03,1.55,-0.17,1.50
SPU4,-2.39,0.11,0.03,1.61,1.53,0.91
SPU4,-8.02,8.61,-2.00,1.61,1.53,0.91
SPU4,24.46,7.81,-11.38,1.61,1.53,0.91
SPU4,24.46,7.81,-11.38,-0.49,2.09,1.03
SPU4,9.87,14.63,-4.79,-0.49,2.09,1.03
SPU4,9.87,14.63,-4.79,-0.30,-0.64,-0.65
SPU4,7.61,14.78,-5.83,-0.30,-0.64,-0.65
SPU4,7.61,14.78,-5.83,0.58,1.09,-0.38
SPU4,7.61,14.78,-5.83,-0.37,-1.37,-0.03
SPU4,7.61,14.78,-5.83,-1.06,-1.18,-0.08
SPU4,-1.09,5.86,0.11,-1.06,-1.18,-0.08
SPU4,2.74,31.64,-7.05,-1.06,-1.18,-0.08
SPU4,16.27,0.22,-4.79,-1.06,-1.18,-0.08
SPU4,20.82,8.96,-8.20,-1.06,-1.18,-0.08
SPU4,10.52,4.93,-3.45,-1.06,-1.18,-0.08
SPU4,16.61,7.89,-1.65,-1.06,-1.18,-0.08
SPU4,-9.40,-1.27,0.34,-1.06,-1.18,-0.08
SPU4,-9.40,-1.27,0.34,0.10,1.50,-0.58
SPU4,-5.57,1.64,1.34,0.10,1.50,-0.58
SPU4,-3.77,4.09,2.71,0.10,1.50,-0.58
SPU4,-3.77,4.09,2.71,4.82,-1.72,3.68
SPU4,20.40,14.82,-13.72,4.82,-1.72,3.68
SPU4,20.40,14.82,-13.72,0.52,0.24,0.70
SPU4,20.40,14.82,-13.72,0.85,0.45,-1.72
SPU4,20.40,14.82,-13.72,-1.97,0.58,-1.16
SPU4,20.40,14.82,-13.72,-1.71,0.57,-2.08
SPU4,-1.43,-4.07,0.99,-1.71,0.57,-2.08
SPU4,-1.78,2.60,3.02,-1.71,0.57,-2.08
SPU4,-0.78,2.68,0.64,-1.71,0.57,-2.08
SPU4,-2.12,3.67,0.30,-1.71,0.57,-2.08
SPU4,3.12,9.91,-5.21,-1.71,0.57,-2.08
SPU4,8.61,19.22,-7.09,-1.71,0.57,-2.08
SPU4,14.54,2.29,-10.77,-1.71,0.57,-2.08
SPU4,13.01,33.17,-7.59,-1.71,0.57,-2.08
SPU4,13.01,33.17,-7.59,-0.50,0.83,-2.44
SPU4,0.14,-0.66,-2.69,-0.50,0.83,-2.44
SPU4,0.14,-0.66,-2.69,-0.07,-2.20,0.36
SPU4,0.14,-0.66,-2.69,0.28,0.39,0.70
SPU4,-5.45,0.61,1.76,0.28,0.39,0.70
SPU4,-5.45,0.61,1.76,0.87,-1.37,0.68
SPU4,-5.45,0.61,1.76,2.04,0.22,-0.52
SPU4,-5.45,0.61,1.76,1.19,-0.09,-0.34
SPU4,24.16,9.76,-6.48,1.19,-0.09,-0.34
SPU4,8.03,22.67,-1.96,1.19,-0.09,-0.34
SPU4,1.25,-2.19,-0.54,1.19,-0.09,-0.34
SPU4,-9.98,1.75,2.48,1.19,-0.09,-0.34
SPU4,1.02,-3.22,0.07,1.19,-0.09,-0.34
SPU4,0.06,2.45,-1.39,1.19,-0.09,-0.34
SPU4,-0.55,2.18,-1.20,1.19,-0.09,-0.34
SPU4,4.08,24.39,-2.42,1.19,-0.09,-0.34
SPU4,28.18,-1.39,-11.88,1.19,-0.09,-0.34
SPU4,28.18,-1.39,-11.88,-2.78,-0.01,-0.48
SPU4,13.20,8.34,0.34,-2.78,-0.01,-0.48
SPU4,13.20,8.34,0.34,-0.41,1.52,-0.38
SPU4,13.20,8.34,0.34,-0.19,-2.47,0.64
SPU4,13.20,8.34,0.34,-0.12,-0.32,-0.63
SPU4,13.20,8.34,0.34,0.02,1.19,-1.32
SPU4,13.20,8.34,0.34,-0.13,-0.96,0.41
SPU4,14.66,26.62,-8.47,-0.13,-0.96,0.41
SPU4,23.31,-1.54,-7.02,-0.13,-0.96,0.41
SPU4,14.00,37.77,-15.71,-0.13,-0.96,0.41
SPU4,24.00,10.68,-1.35,-0.13,-0.96,0.41
SPU4,-13.19,-2.07,-1.27,-0.13,-0.96,0.41
SPU4,-6.34,0.99,1.03,-0.13,-0.96,0.41
SPU4,-2.16,1.07,0.68,-0.13,-0.96,0.41
SPU4,-2.16,1.07,0.68,0.17,-0.27,1.40
SPU4,14.73,-6.59,0.38,0.17,-0.27,1.40
SPU4,-49.82,44.77,-9.89,0.17,-0.27,1.40
SPU4,-49.82,44.77,-9.89,2.09,3.74,0.38
SPU4,14.31,25.05,-10.04,2.09,3.74,0.38
SPU4,14.31,25.05,-10.04,-0.36,-0.77,-2.27
SPU4,14.31,25.05,-10.04,0.48,2.00,-1.12
SPU4,14.31,25.05,-10.04,-0.83,-3.28,0.28
SPU4,6.46,4.02,0.38,-0.83,-3.28,0.28
SPU4,0.10,1.18,2.02,-0.83,-3.28,0.28
SPU4,-6.30,5.89,-2.30,-0.83,-3.28,0.28
SPU4,33.43,16.35,-10.89,-0.83,-3.28,0.28
SPU4,21.02,-2.77,-9.81,-0.83,-3.28,0.28
SPU4,14.77,35.12,-14.71,-0.83,-3.28,0.28
SPU4,17.45,0.91,0.41,-0.83,-3.28,0.28
SPU4,17.45,0.91,0.41,1.12,2.56,0.59
SPU4,-6.87,3.06,1.64,1.12,2.56,0.59
SPU4,-6.87,3.06,1.64,0.25,-0.79,0.75
SPU4,-6.87,3.06,1.64,0.08,0.77,-0.06
SPU4,-6.87,3.06,1.64,0.41,0.83,0.03
SPU4,-6.87,3.06,1.64,3.84,-2.12,5.12
SPU4,-6.87,3.06,1.64,-0.92,-1.93,3.09
SPU4,-6.87,3.06,1.64,1.66,2.91,-0.50
SPU4,2.89,15.47,-1.54,1.66,2.91,-0.50
SPU4,11.98,4.97,0.22,1.66,2.91,-0.50
SPU4,-12.73,1.56,0.41,1.66,2.91,-0.50
SPU4,6.11,-0.04,0.72,1.66,2.91,-0.50
SPU4,3.93,-1.08,1.11,1.66,2.91,-0.50
SPU4,-3.88,1.56,0.57,1.66,2.91,-0.50
SPU4,-4.15,18.34,-3.30,1.66,2.91,-0.50
SPU4,15.31,19.22,-12.11,1.66,2.91,-0.50
SPU4,26.57,19.03,-13.22,1.66,2.91,-0.50
SPU4,26.57,19.03,-13.22,-0.54,-2.36,-0.95
SPU4,17.30,15.01,-4.53,-0.54,-2.36,-0.95
SPU4,17.30,15.01,-4.53,-0.46,2.42,-1.25
SPU4,17.30,15.01,-4.53,0.12,-1.10,0.30
SPU4,17.30,15.01,-4.53,-0.96,-2.71,0.35
SPU4,17.30,15.01,-4.53,0.52,0.36,-0.12
SPU4,-4.77,6.09,-6.06,0.52,0.36,-0.12
SPU4,19.60,18.11,-10.70,0.52,0.36,-0.12
SPU4,16.54,9.91,-6.14,0.52,0.36,-0.12
SPU4,13.93,30.03,-6.36,0.52,0.36,-0.12
SPU4,13.93,12.18,-4.60,0.52,0.36,-0.12
SPU4,-10.59,-1.69,-0.08,0.52,0.36,-0.12
SPU4,-8.48,2.71,0.26,0.52,0.36,-0.12
SPU4,-0.63,0.80,1.83,0.52,0.36,-0.12
SPU4,-0.63,0.80,1.83,0.14,-0.42,0.06
SPU4,0.18,2.18,1.98,0.14,-0.42,0.06
SPU4,5.16,24.74,-8.78,0.14,-0.42,0.06
SPU4,5.16,24.74,-8.78,1.51,0.68,-0.44
SPU4,17.91,4.55,-11.38,1.51,0.68,-0.44
SPU4,17.91,4.55,-11.38,-4.61,-0.85,-0.11
SPU4,17.91,4.55,-11.38,1.43,2.63,-1.27
SPU4,17.91,4.55,-11.38,-1.14,3.71,-1.72
SPU4,-1.24,5.51,0.38,-1.14,3.71,-1.72
SPU4,3.24,-2.38,1.41,-1.14,3.71,-1.72
SPU4,-0.78,2.83,-0.43,-1.14,3.71,-1.72
SPU4,-1.12,22.52,-6.67,-1.14,3.71,-1.72
SPU4,17.87,-3.53,-5.79,-1.14,3.71,-1.72
SPU4,18.72,-6.06,-7.67,-1.14,3.71,-1.72
SPU4,13.13,11.18,-4.41,-1.14,3.71,-1.72
SPU4,13.13,11.18,-4.41,-1.08,3.69,-1.79
SPU4,-6.18,-2.00,-0.31,-1.08,3.69,-1.79
SPU4,-6.18,-2.00,-0.31,0.14,-0.79,-0.01
SPU4,-6.18,-2.00,-0.31,-1.07,-1.26,0.62
SPU4,-6.18,-2.00,-0.31,0.59,-0.08,0.79
SPU4,-6.18,-2.00,-0.31,0.80,1.09,2.48
SPU4,-5.57,19.68,-5.79,0.80,1.09,2.48
SPU4,-5.57,19.68,-5.79,-0.08,3.09,0.21
SPU4,16.15,32.36,-8.78,-0.08,3.09,0.21
SPU4,12.36,11.03,-0.27,-0.08,3.09,0.21
SPU4,-2.31,9.15,-1.88,-0.08,3.09,0.21
SPU4,-12.12,6.09,1.98,-0.08,3.09,0.21
SPU4,3.82,1.26,-1.00,-0.08,3.09,0.21
SPU4,0.18,1.07,1.34,-0.08,3.09,0.21
SPU4,0.18,1.07,1.34,2.12,-2.33,4.17
SPU4,-2.47,17.80,-6.52,2.12,-2.33,4.17
SPU4,28.33,2.64,-11.38,2.12,-2.33,4.17
SPU4,28.33,2.64,-11.38,-2.29,-2.75,-0.14
SPU4,25.42,7.23,-4.34,-2.29,-2.75,-0.14
SPU4,25.42,7.23,-4.34,-0.60,3.15,-2.72
SPU4,-12.85,2.33,-0.89,-0.60,3.15,-2.72
SPU4,-12.85,2.33,-0.89,-0.03,-1.40,1.39
SPU4,-12.85,2.33,-0.89,0.68,-0.98,1.07
SPU4,-12.85,2.33,-0.89,0.20,-0.16,1.57
SPU4,12.13,45.93,-13.68,0.29,0.12,0.08
SPU4,12.13,45.93,-13.68,0.10,-0.91,-1.76
SPU4,0.06,8.15,-1.42,0.10,-0.91,-1.76
SPU4,0.06,8.15,-1.42,0.45,0.03,0.55
SPU4,0.06,8.15,-1.42,0.36,-0.46,0.71
SPU4,-2.73,1.68,0.64,0.36,-0.46,0.71
SPU4,3.70,20.98,-2.07,0.36,-0.46,0.71
SPU4,25.84,5.59,-6.33,0.36,-0.46,0.71
SPU4,23.70,10.68,-11.80,0.36,-0.46,0.71
SPU4,7.76,23.52,-4.68,0.36,-0.46,0.71
SPU4,8.49,0.64,-0.31,0.36,-0.46,0.71
SPU4,-7.79,0.68,-0.77,0.36,-0.46,0.71
SPU4,-1.20,3.21,1.14,0.36,-0.46,0.71
SPU4,-1.20,3.21,1.14,0.32,0.00,0.50
SPU4,-1.16,2.02,0.11,0.32,0.00,0.50
SPU4,-1.16,2.02,0.11,0.49,-4.81,0.62
SPU4,-1.16,2.02,0.11,-1.05,1.08,0.48
SPU4,-1.16,2.02,0.11,1.70,-0.11,-0.88
SPU4,-1.16,2.02,0.11,-2.67,-1.34,-1.07
SPU4,-1.16,2.02,0.11,0.13,3.09,-2.21
SPU4,-1.16,2.02,0.11,-0.19,3.35,-0.95
SPU4,-5.76,6.43,0.84,-0.19,3.35,-0.95
SPU4,-0.67,0.03,1.34,-0.19,3.35,-0.95
SPU4,-3.43,7.00,2.68,-0.19,3.35,-0.95
SPU4,28.18,9.68,-11.73,-0.19,3.35,-0.95
SPU4,36.64,1.18,-12.61,-0.19,3.35,-0.95
SPU4,1.36,28.72,-8.32,-0.19,3.35,-0.95
SPU4,14.62,3.02,-3.30,-0.19,3.35,-0.95
SPU4,-5.64,2.06,-2.30,-0.19,3.35,-0.95
SPU4,-0.89,4.52,-0.35,-0.19,3.35,-0.95
SPU4,-0.89,4.52,-0.35,0.61,-0.43,1.11
SPU4,7.38,1.07,2.18,0.61,-0.43,1.11
SPU4,7.38,1.07,2.18,2.22,-2.06,0.97
SPU4,7.38,1.07,2.18,2.28,-1.94,1.15
SPU4,7.38,1.07,2.18,-0.15,4.19,-0.04
SPU4,7.38,1.07,2.18,0.85,-1.77,-0.14
SPU4,7.38,1.07,2.18,-3.50,-1.02,-0.21
SPU4,2.05,1.37,0.34,-3.50,-1.02,-0.21
SPU4,-8.63,8.27,0.18,-3.50,-1.02,-0.21
SPU4,-10.24,-1.00,-1.31,-3.50,-1.02,-0.21
SPU4,3.39,2.14,-1.80,-3.50,-1.02,-0.21
SPU4,8.53,10.18,-12.61,-3.50,-1.02,-0.21
SPU4,28.71,11.64,-11.46,-3.50,-1.02,-0.21
SPU4,22.82,5.01,-7.59,-3.50,-1.02,-0.21
SPU4,22.82,5.01,-7.59,-0.04,5.44,-2.56
SPU4,-2.54,0.18,-6.71,-0.04,5.44,-2.56
SPU4,-6.41,7.46,0.53,-0.04,5.44,-2.56
SPU4,-6.41,7.46,0.53,2.29,0.05,0.93
SPU4,2.67,3.29,-1.80,2.29,0.05,0.93
SPU4,2.67,3.29,-1.80,0.44,0.25,1.27
SPU4,2.67,3.29,-1.80,-2.69,0.65,0.87
SPU4,2.67,3.29,-1.80,1.97,0.20,0.07
SPU4,-2.12,14.21,-4.83,1.97,0.20,0.07
SPU4,17.87,3.25,0.11,1.97,0.20,0.07
SPU4,-15.41,-3.30,2.18,1.97,0.20,0.07
SPU4,2.28,5.66,-2.04,1.97,0.20,0.07
SPU4,1.32,0.37,0.68,1.97,0.20,0.07
SPU4,-3.85,3.44,0.34,1.97,0.20,0.07
SPU4,-4.23,9.11,-0.93,1.97,0.20,0.07
SPU4,27.68,26.58,-15.25,1.97,0.20,0.07
SPU4,9.83,2.48,-6.94,1.97,0.20,0.07
SPU4,9.83,2.48,-6.94,-2.20,-1.49,-0.77
SPU4,13.70,7.31,-0.58,-2.20,-1.49,-0.77
SPU4,13.70,7.31,-0.58,-0.21,1.98,-0.76
SPU4,13.70,7.31,-0.58,0.40,0.35,0.24
SPU4,-0.70,-1.00,0.99,0.40,0.35,0.24
SPU4,27.18,4.13,-16.09,1.21,-1.14,0.89
SPU4,27.18,4.13,-16.09,-3.99,-0.47,-0.31
SPU4,16.84,0.03,3.02,-3.99,-0.47,-0.31
SPU4,16.84,0.03,3.02,-1.04,4.64,-1.67
SPU4,16.84,0.03,3.02,-0.41,-2.21,0.23
SPU4,16.84,0.03,3.02,-0.76,-2.66,0.96
SPU4,16.84,0.03,3.02,0.60,-0.00,0.33
SPU4,-4.73,7.04,0.41,0.60,-0.00,0.33
SPU4,1.75,21.14,-2.42,0.60,-0.00,0.33
SPU4,25.80,17.08,-9.28,0.60,-0.00,0.33
SPU4,11.25,3.40,-7.52,0.60,-0.00,0.33
SPU4,6.30,19.03,-6.94,0.60,-0.00,0.33
SPU4,3.01,3.63,1.83,0.60,-0.00,0.33
SPU4,-0.97,7.50,-0.27,0.60,-0.00,0.33
SPU4,6.65,-4.91,1.26,0.60,-0.00,0.33
SPU4,-3.88,0.57,1.41,0.60,-0.00,0.33
SPU4,-8.71,1.98,0.88,0.60,-0.00,0.33
SPU4,12.74,29.34,-10.43,0.60,-0.00,0.33
SPU4,12.74,29.34,-10.43,1.42,1.15,1.07
SPU4,9.02,27.04,-9.62,1.42,1.15,1.07
SPU4,9.02,27.04,-9.62,0.39,-3.32,-1.70
SPU4,9.02,27.04,-9.62,-1.87,4.78,-2.50
SPU4,9.02,27.04,-9.62,-0.52,0.43,-1.87
SPU4,-2.89,8.38,1.60,-0.52,0.43,-1.87
SPU4,-1.20,-0.93,0.64,-0.52,0.43,-1.87
SPU4,5.20,0.91,-0.43,-0.52,0.43,-1.87
SPU4,-6.49,9.49,0.88,-0.52,0.43,-1.87
SPU4,20.75,10.41,-8.86,-0.52,0.43,-1.87
SPU4,21.93,13.98,-8.36,-0.52,0.43,-1.87
SPU4,16.15,11.91,-2.30,-0.52,0.43,-1.87
SPU4,16.15,11.91,-2.30,-1.15,3.33,-2.02
SPU4,-11.85,-0.20,0.61,-1.15,3.33,-2.02
SPU4,-11.85,-0.20,0.61,-0.66,-2.12,1.19
SPU4,-11.85,-0.20,0.61,0.19,-2.85,1.44
SPU4,5.04,3.02,1.72,0.19,-2.85,1.44
SPU4,5.04,3.02,1.72,2.36,-1.62,1.27
SPU4,5.04,3.02,1.72,0.41,0.58,0.74
SPU4,5.04,3.02,1.72,-0.21,1.39,-0.78
SPU4,0.14,17.16,0.95,-0.21,1.39,-0.78
SPU4,7.76,-1.23,2.71,-0.21,1.39,-0.78
SPU4,-6.83,10.14,0.30,-0.21,1.39,-0.78
SPU4,1.17,0.15,0.49,-0.21,1.39,-0.78
SPU4,-8.02,4.97,2.41,-0.21,1.39,-0.78
SPU4,7.19,-0.62,-2.54,-0.21,1.39,-0.78
SPU4,5.73,21.48,-8.66,-0.21,1.39,-0.78
SPU4,20.21,7.77,-10.81,-0.21,1.39,-0.78
SPU4,4.39,28.91,-3.61,-0.21,1.39,-0.78
SPU4,4.39,28.91,-3.61,0.08,0.46,-1.55
SPU4,-1.24,4.67,-1.08,0.08,0.46,-1.55
SPU4,-1.24,4.67,-1.08,-0.75,-1.36,-0.14
SPU4,-1.24,4.67,-1.08,-0.81,-0.80,-0.62
SPU4,-1.24,4.67,-1.08,0.07,-0.55,0.12
SPU4,-1.24,4.67,-1.08,0.56,-3.56,-0.80
SPU4,-1.24,4.67,-1.08,0.37,2.15,0.23
SPU4,7.87,-1.42,-5.68,0.37,2.15,0.23
SPU4,9.14,28.07,-9.73,0.37,2.15,0.23
SPU4,5.77,3.33,-1.20,0.37,2.15,0.23
SPU4,11.40,10.57,-1.84,0.37,2.15,0.23
SPU4,0.37,4.90,-1.35,0.37,2.15,0.23
SPU4,1.82,8.46,-0.96,0.37,2.15,0.23
SPU4,5.96,13.86,-2.69,0.37,2.15,0.23
SPU4,5.96,13.86,-2.69,0.82,-0.70,-0.47
SPU4,6.61,12.79,-2.30,0.82,-0.70,-0.47
SPU4,3.39,6.54,-1.84,0.82,-0.70,-0.47
SPU4,3.39,6.54,-1.84,-0.21,-0.13,-0.08
SPU4,4.31,7.58,-1.31,-0.21,-0.13,-0.08
SPU4,4.31,7.58,-1.31,-0.32,0.18,0.27
SPU4,4.31,7.58,-1.31,0.32,-2.33,-0.72
SPU4,4.31,7.58,-1.31,-1.27,1.49,-1.54
SPU4,-9.29,18.15,2.71,-1.27,1.49,-1.54
SPU4,-5.68,3.67,1.98,-1.27,1.49,-1.54
SPU4,-4.00,10.38,0.95,-1.27,1.49,-1.54
SPU4,2.09,-0.85,-0.16,-1.27,1.49,-1.54
SPU4,-2.20,12.79,0.99,-1.27,1.49,-1.54
SPU4,1.40,25.77,-5.45,-1.27,1.49,-1.54
SPU4,15.38,11.18,-9.70,-1.27,1.49,-1.54
deviceID,aX,aY,aZ,gX,gY,gZ
SPU2,3.68,-12.77,-8.48,0.37,-0.42,-0.13
SPU2,2.04,0.26,-11.70,0.37,-0.42,-0.13
SPU2,5.56,-20.93,-20.66,0.37,-0.42,-0.13
SPU2,5.56,-20.93,-20.66,2.10,0.44,0.33
SPU2,5.06,-16.02,-2.66,2.10,0.44,0.33
SPU2,5.06,-16.02,-2.66,-0.44,0.91,0.33
SPU2,1.85,-4.19,-0.86,-0.44,0.91,0.33
SPU2,-7.31,0.26,1.82,-0.44,0.91,0.33
SPU2,-7.31,0.26,1.82,-0.94,-0.69,-0.60
SPU2,-1.26,-1.77,6.69,-0.94,-0.69,-0.60
SPU2,-1.26,-1.77,6.69,-2.84,-3.59,0.27
SPU2,-1.26,-1.77,6.69,0.09,1.93,0.25
SPU2,-1.26,-1.77,6.69,-0.78,-1.54,-0.25
SPU2,-4.55,-4.91,-16.48,-0.78,-1.54,-0.25
SPU2,9.51,-13.04,3.17,-0.78,-1.54,-0.25
SPU2,4.07,6.20,0.02,-0.78,-1.54,-0.25
SPU2,-17.27,-5.61,2.05,-0.78,-1.54,-0.25
SPU2,14.34,-0.51,-0.86,-0.78,-1.54,-0.25
SPU2,8.24,-0.93,-0.93,-0.78,-1.54,-0.25
SPU2,-12.98,-34.75,-13.23,-0.78,-1.54,-0.25
SPU2,-12.98,-34.75,-13.23,-1.06,2.42,-0.17
SPU2,-1.30,-11.66,-15.49,-1.06,2.42,-0.17
SPU2,3.42,-20.85,-18.44,-1.06,2.42,-0.17
SPU2,3.42,-20.85,-18.44,2.24,0.76,0.69
SPU2,0.62,-0.32,0.71,2.24,0.76,0.69
SPU2,0.62,-0.32,0.71,0.06,0.07,0.51
SPU2,0.62,-0.32,0.71,0.38,-0.93,-0.04
SPU2,0.62,-0.32,0.71,-0.10,-1.23,-0.59
SPU2,0.62,-0.32,0.71,-5.65,0.23,-1.03
SPU2,4.91,-13.84,-14.53,-5.65,0.23,-1.03
SPU2,6.25,-12.31,-21.43,-5.65,0.23,-1.03
SPU2,16.63,-18.21,-22.16,-5.65,0.23,-1.03
SPU2,-4.51,-15.75,-4.00,-5.65,0.23,-1.03
SPU2,9.55,-11.27,0.75,-5.65,0.23,-1.03
SPU2,-3.40,0.52,-2.20,-5.65,0.23,-1.03
SPU2,-3.40,0.52,-2.20,-1.44,-3.24,-1.19
SPU2,8.43,0.68,-0.74,-1.44,-3.24,-1.19
SPU2,0.28,-3.11,0.75,-1.44,-3.24,-1.19
SPU2,-10.11,-3.88,0.71,-1.44,-3.24,-1.19
SPU2,13.41,-12.96,-16.56,-1.44,-3.24,-1.19
SPU2,13.41,-12.96,-16.56,0.84,0.17,-0.76
SPU2,4.18,-14.91,-21.08,0.84,0.17,-0.76
SPU2,4.18,-14.91,-21.08,2.96,0.01,0.40
SPU2,4.18,-14.91,-21.08,4.54,5.22,1.88
SPU2,4.18,-14.91,-21.08,-1.46,-1.03,0.00
SPU2,-3.48,0.75,2.29,-1.46,-1.03,0.00
SPU2,-3.86,-1.39,1.25,-1.46,-1.03,0.00
SPU2,8.13,0.14,-0.32,-1.46,-1.03,0.00
SPU2,-1.22,-26.52,-6.41,-1.46,-1.03,0.00
SPU2,9.20,-16.75,-27.29,-1.46,-1.03,0.00
SPU2,1.58,-8.29,-21.54,-1.46,-1.03,0.00
SPU2,11.50,-12.50,-7.25,-1.46,-1.03,0.00
SPU2,0.85,-2.88,-0.78,-1.46,-1.03,0.00
SPU2,-17.23,6.35,1.67,-1.46,-1.03,0.00
SPU2,-1.07,3.67,0.02,-1.46,-1.03,0.00
SPU2,-1.07,3.67,0.02,-0.29,0.05,-0.06
SPU2,0.89,2.98,-0.47,-0.29,0.05,-0.06
SPU2,0.89,2.98,-0.47,2.33,-5.22,-0.01
SPU2,0.89,2.98,-0.47,-1.50,3.78,0.88
SPU2,0.89,2.98,-0.47,1.65,-3.58,-0.57
SPU2,17.40,-15.14,-4.11,1.65,-3.58,-0.57
SPU2,-8.92,0.30,-0.62,1.65,-3.58,-0.57
SPU2,-11.10,4.20,2.17,1.65,-3.58,-0.57
SPU2,3.84,0.49,-0.66,1.65,-3.58,-0.57
SPU2,-2.06,-2.96,0.75,1.65,-3.58,-0.57
SPU2,0.24,1.71,1.56,1.65,-3.58,-0.57
SPU2,-4.97,-39.43,-17.41,1.65,-3.58,-0.57
SPU2,-0.57,-21.35,-18.75,1.65,-3.58,-0.57
SPU2,14.45,-16.64,-19.93,1.65,-3.58,-0.57
SPU2,3.04,-12.42,-10.47,1.65,-3.58,-0.57
SPU2,3.04,-12.42,-10.47,3.02,1.06,0.66
SPU2,-4.78,8.26,2.17,3.02,1.06,0.66
SPU2,-4.78,8.26,2.17,-1.31,-0.25,0.15
SPU2,-4.78,8.26,2.17,-1.06,-0.35,-0.36
SPU2,-4.78,8.26,2.17,-2.01,-0.90,-0.73
SPU2,-4.78,8.26,2.17,-3.77,-3.56,-2.07
SPU2,-4.78,8.26,2.17,-1.35,1.42,1.09
SPU2,-8.00,-27.63,-20.01,-1.35,1.42,1.09
SPU2,16.59,-17.06,-2.08,-1.35,1.42,1.09
SPU2,-19.80,-2.16,2.21,-1.35,1.42,1.09
SPU2,-8.54,1.98,-0.89,-1.35,1.42,1.09
SPU2,-1.68,2.02,0.41,-1.35,1.42,1.09
SPU2,4.30,1.18,1.25,-1.35,1.42,1.09
SPU2,-0.64,3.32,-1.78,-1.35,1.42,1.09
SPU2,-0.41,-34.75,-21.93,-1.35,1.42,1.09
SPU2,-0.41,-34.75,-21.93,1.48,0.85,0.03
SPU2,9.62,-22.38,-22.73,1.48,0.85,0.03
SPU2,9.62,-22.38,-22.73,3.90,0.88,1.05
SPU2,9.62,-22.38,-22.73,1.30,4.76,1.85
SPU2,9.62,-22.38,-22.73,-1.34,-1.76,-0.55
SPU2,9.62,-22.38,-22.73,-1.77,-0.47,-0.47
SPU2,9.62,-22.38,-22.73,-1.37,-0.20,-0.36
SPU2,9.62,-22.38,-22.73,-0.16,-0.25,-0.08
SPU2,-17.61,-38.47,-3.12,-0.16,-0.25,-0.08
SPU2,21.15,-5.68,-24.61,-0.16,-0.25,-0.08
SPU2,0.85,-26.25,-24.49,-0.16,-0.25,-0.08
SPU2,20.54,-20.16,-14.38,-0.16,-0.25,-0.08
SPU2,-9.15,-7.21,2.13,-0.16,-0.25,-0.08
SPU2,-11.29,10.25,3.17,-0.16,-0.25,-0.08
SPU2,1.27,0.03,0.52,-0.16,-0.25,-0.08
SPU2,1.27,0.03,0.52,0.31,-1.68,-0.74
SPU2,-0.34,-0.43,0.64,0.31,-1.68,-0.74
SPU2,-0.34,-0.43,0.64,-5.87,-2.22,-2.63
SPU2,-0.34,-0.43,0.64,-4.37,1.20,-0.54
SPU2,-0.34,-0.43,0.64,-0.10,-0.13,0.06
SPU2,-0.34,-0.43,0.64,2.15,-0.65,-0.03
SPU2,-0.34,-0.43,0.64,1.86,0.20,0.34
SPU2,-0.34,-0.43,0.64,2.37,1.60,0.79
SPU2,-5.97,2.29,0.83,2.37,1.60,0.79
SPU2,0.89,-5.49,-0.01,2.37,1.60,0.79
SPU2,-5.28,1.64,2.21,2.37,1.60,0.79
SPU2,3.15,-17.71,-9.13,2.37,1.60,0.79
SPU2,-0.07,-14.80,-9.36,2.37,1.60,0.79
SPU2,2.42,-3.57,-17.86,2.37,1.60,0.79
SPU2,7.25,-17.21,-15.95,2.37,1.60,0.79
SPU2,14.34,-13.84,-9.05,2.37,1.60,0.79
SPU2,-4.59,-9.66,2.17,2.37,1.60,0.79
SPU2,-4.59,-9.66,2.17,-1.21,-0.32,-0.03
SPU2,3.38,-7.79,0.83,-1.21,-0.32,-0.03
SPU2,3.38,-7.79,0.83,0.39,-0.82,-0.24
SPU2,3.38,-7.79,0.83,-2.81,0.51,-0.84
SPU2,-10.41,-38.89,-7.29,-2.81,0.51,-0.84
SPU2,-10.41,-38.89,-7.29,-1.09,2.65,1.14
SPU2,-10.41,-38.89,-7.29,0.63,-0.22,-0.14
SPU2,11.04,-12.23,-18.29,0.63,-0.22,-0.14
SPU2,3.07,-12.23,-4.11,0.63,-0.22,-0.14
SPU2,-3.02,6.04,0.52,0.63,-0.22,-0.14
SPU2,-6.62,1.45,1.48,0.63,-0.22,-0.14
SPU2,0.01,2.75,-0.01,0.63,-0.22,-0.14
SPU2,4.11,1.41,-2.04,0.63,-0.22,-0.14
SPU2,-5.89,-6.02,0.64,0.63,-0.22,-0.14
SPU2,15.14,0.87,-17.02,0.63,-0.22,-0.14
SPU2,15.14,0.87,-17.02,-0.27,1.91,-0.18
SPU2,-2.33,-13.42,-19.05,-0.27,1.91,-0.18
SPU2,-2.33,-13.42,-19.05,2.81,0.16,0.29
SPU2,-2.33,-13.42,-19.05,3.57,2.75,1.24
SPU2,-6.85,7.04,2.97,3.57,2.75,1.24
SPU2,-6.85,7.04,2.97,0.11,0.93,0.56
SPU2,-6.85,7.04,2.97,0.48,0.29,0.07
SPU2,-2.06,9.22,-0.17,0.48,0.29,0.07
SPU2,5.45,-8.90,-14.11,0.48,0.29,0.07
SPU2,-5.12,-8.63,-21.89,0.48,0.29,0.07
SPU2,1.50,-25.71,-18.25,0.48,0.29,0.07
SPU2,16.59,-16.60,-10.13,0.48,0.29,0.07
SPU2,-6.96,-1.43,-0.09,0.48,0.29,0.07
SPU2,-4.55,5.81,-0.05,0.48,0.29,0.07
SPU2,-4.09,1.37,-0.86,0.48,0.29,0.07
SPU2,-4.09,1.37,-0.86,-0.24,-2.30,-1.14
SPU2,5.52,4.05,2.36,-0.24,-2.30,-1.14
SPU2,5.52,4.05,2.36,-1.51,-2.06,-0.14
SPU2,5.52,4.05,2.36,-0.45,0.93,0.11
SPU2,4.80,-16.45,-22.92,-0.45,0.93,0.11
SPU2,4.80,-16.45,-22.92,2.34,0.14,0.35
SPU2,4.80,-16.45,-22.92,2.63,1.78,1.17
SPU2,4.80,-16.45,-22.92,-0.43,1.18,0.59
SPU2,-3.59,1.75,-0.39,-0.43,1.18,0.59
SPU2,1.81,0.95,-1.12,-0.43,1.18,0.59
SPU2,-2.10,1.45,-0.70,-0.43,1.18,0.59
SPU2,12.50,-9.43,-11.85,-0.43,1.18,0.59
SPU2,-5.01,-9.01,-19.43,-0.43,1.18,0.59
SPU2,4.49,-16.79,-18.05,-0.43,1.18,0.59
SPU2,9.13,-11.70,-1.78,-0.43,1.18,0.59
SPU2,9.13,-11.70,-1.78,1.99,3.42,1.09
SPU2,-11.87,3.40,0.45,1.99,3.42,1.09
SPU2,-11.87,3.40,0.45,-0.72,1.66,0.21
SPU2,-2.68,-0.32,0.21,-0.72,1.66,0.21
SPU2,-3.90,0.41,-0.32,-0.72,1.66,0.21
SPU2,-3.90,0.41,-0.32,-0.52,-2.32,-0.39
SPU2,12.61,-4.04,-22.50,-0.52,-2.32,-0.39
SPU2,12.61,-4.04,-22.50,2.62,-1.56,-0.20
SPU2,12.61,-4.04,-22.50,2.88,-0.42,0.20
SPU2,12.61,-4.04,-22.50,3.04,3.45,1.11
SPU2,-5.20,0.11,2.09,3.04,3.45,1.11
SPU2,0.47,-1.73,1.06,3.04,3.45,1.11
SPU2,-5.62,-1.93,1.82,3.04,3.45,1.11
SPU2,0.12,-13.42,-10.05,3.04,3.45,1.11
SPU2,6.86,-4.53,-20.81,3.04,3.45,1.11
SPU2,-6.20,-13.27,-18.05,3.04,3.45,1.11
SPU2,11.46,-12.65,-11.93,3.04,3.45,1.11
SPU2,11.46,-12.65,-11.93,2.78,3.43,1.25
SPU2,-11.79,3.97,1.94,2.78,3.43,1.25
SPU2,8.63,-5.91,-2.62,2.78,3.43,1.25
SPU2,8.63,-5.91,-2.62,0.36,-0.16,0.23
SPU2,-0.72,1.83,1.18,0.36,-0.16,0.23
SPU2,-0.72,1.83,1.18,-1.31,-4.53,-1.96
SPU2,-0.72,1.83,1.18,-1.79,1.89,1.03
SPU2,-0.72,1.83,1.18,0.60,0.58,-0.58
SPU2,-0.72,1.83,1.18,1.55,-3.18,-0.58
SPU2,-0.72,1.83,1.18,2.06,4.00,1.45
SPU2,-16.66,5.43,0.33,2.06,4.00,1.45
SPU2,2.23,-1.85,0.29,2.06,4.00,1.45
SPU2,-2.52,-0.93,1.10,2.06,4.00,1.45
SPU2,1.20,1.98,0.45,2.06,4.00,1.45
SPU2,-0.64,-15.68,-13.11,2.06,4.00,1.45
SPU2,-0.64,-15.68,-13.11,0.60,-0.16,-0.53
SPU2,4.61,-18.44,-17.18,0.60,-0.16,-0.53
SPU2,9.93,-13.27,-3.73,0.60,-0.16,-0.53
SPU2,-2.56,-5.41,0.52,0.60,-0.16,-0.53
SPU2,2.11,-3.69,0.60,0.60,-0.16,-0.53
SPU2,2.11,-3.69,0.60,0.16,-0.05,-0.51
SPU2,-7.35,-0.82,0.41,0.16,-0.05,-0.51
SPU2,-7.35,-0.82,0.41,-5.41,-1.53,-2.79
SPU2,-7.35,-0.82,0.41,-2.23,-2.41,-0.63
SPU2,-7.35,-0.82,0.41,-1.63,-0.87,-2.19
SPU2,15.52,-10.81,-16.68,-1.63,-0.87,-2.19
SPU2,7.25,-11.96,-9.21,-1.63,-0.87,-2.19
SPU2,-5.39,-5.49,-4.80,-1.63,-0.87,-2.19
SPU2,-3.17,2.06,-0.70,-1.63,-0.87,-2.19
SPU2,-1.95,-0.28,-3.92,-1.63,-0.87,-2.19
SPU2,5.83,0.22,-0.82,-1.63,-0.87,-2.19
SPU2,-11.02,1.06,-11.85,-1.63,-0.87,-2.19
SPU2,24.48,-25.22,-17.63,-1.63,-0.87,-2.19
SPU2,7.25,-11.62,-19.40,-1.63,-0.87,-2.19
SPU2,5.75,-18.67,-12.12,-1.63,-0.87,-2.19
SPU2,5.75,-18.67,-12.12,2.94,-0.68,-0.83
SPU2,-2.21,6.62,-0.13,2.94,-0.68,-0.83
SPU2,-2.21,6.62,-0.13,0.08,-3.76,-1.82
SPU2,-2.21,6.62,-0.13,-0.67,-1.85,-2.18
SPU2,-2.21,6.62,-0.13,-0.71,-2.60,-3.21
SPU2,-2.21,6.62,-0.13,1.96,-5.52,-0.01
SPU2,-2.21,6.62,-0.13,-0.74,4.85,0.63
SPU2,-1.83,-16.45,-15.68,-0.74,4.85,0.63
SPU2,10.96,-3.00,-4.38,-0.74,4.85,0.63
SPU2,-10.03,4.86,-0.20,-0.74,4.85,0.63
SPU2,-3.98,-4.95,0.18,-0.74,4.85,0.63
SPU2,2.30,0.18,1.52,-0.74,4.85,0.63
SPU2,4.37,0.64,0.52,-0.74,4.85,0.63
SPU2,-1.14,1.14,-6.18,-0.74,4.85,0.63
SPU2,11.50,-2.27,-11.35,-0.74,4.85,0.63
SPU2,11.50,-2.27,-11.35,-0.32,2.14,0.16
SPU2,1.20,-19.16,-18.40,-0.32,2.14,0.16
SPU2,1.20,-19.16,-18.40,3.11,0.75,0.92
SPU2,1.20,-19.16,-18.40,1.37,3.21,1.45
SPU2,1.20,-19.16,-18.40,-0.97,-0.84,-0.35
SPU2,1.20,-19.16,-18.40,-1.90,-0.65,-0.48
SPU2,1.20,-19.16,-18.40,-1.74,-0.36,-1.04
SPU2,6.63,-12.31,-5.64,-1.74,-0.36,-1.04
SPU2,11.57,-3.69,-21.89,-1.74,-0.36,-1.04
SPU2,2.07,-24.72,-20.32,-1.74,-0.36,-1.04
SPU2,6.10,-9.13,-13.34,-1.74,-0.36,-1.04
SPU2,3.87,-1.31,1.18,-1.74,-0.36,-1.04
SPU2,-4.70,-2.50,-0.82,-1.74,-0.36,-1.04
SPU2,-2.87,-0.66,0.21,-1.74,-0.36,-1.04
SPU2,-1.52,-1.93,2.48,-1.74,-0.36,-1.04
SPU2,-1.52,-1.93,2.48,-4.96,-0.01,-0.36
SPU2,3.87,-34.75,-14.49,-4.96,-0.01,-0.36
SPU2,3.87,-34.75,-14.49,0.74,0.18,0.20
SPU2,3.87,-34.75,-14.49,2.32,-2.07,-0.86
SPU2,3.87,-34.75,-14.49,2.59,1.30,0.64
SPU2,3.87,-34.75,-14.49,3.27,4.09,1.41
SPU2,3.87,-34.75,-14.49,-0.35,-1.39,-0.32
SPU2,0.62,5.08,-2.54,-0.35,-1.39,-0.32
SPU2,-2.25,-0.59,0.45,-0.35,-1.39,-0.32
SPU2,-5.82,-2.16,-3.88,-0.35,-1.39,-0.32
SPU2,5.22,-30.27,-15.64,-0.35,-1.39,-0.32
SPU2,-5.59,-1.08,-19.24,-0.35,-1.39,-0.32
SPU2,14.14,-8.59,-12.88,-0.35,-1.39,-0.32
SPU2,10.73,-15.14,-8.94,-0.35,-1.39,-0.32
SPU2,-3.32,-7.48,0.91,-0.35,-1.39,-0.32
SPU2,-3.32,-7.48,0.91,0.63,-1.37,-0.21
SPU2,9.81,-1.96,-1.05,0.63,-1.37,-0.21
SPU2,9.81,-1.96,-1.05,-0.30,3.48,0.85
SPU2,9.81,-1.96,-1.05,-2.49,0.45,-0.42
SPU2,9.81,-1.96,-1.05,1.35,-2.94,-0.35
SPU2,9.81,-1.96,-1.05,-1.62,1.37,0.02
SPU2,9.81,-1.96,-1.05,-1.64,-2.10,-0.74
SPU2,17.25,-3.00,-15.38,-1.64,-2.10,-0.74
SPU2,0.01,-11.00,-6.11,-1.64,-2.10,-0.74
SPU2,-11.10,3.89,2.21,-1.64,-2.10,-0.74
SPU2,-0.11,2.21,3.20,-1.64,-2.10,-0.74
SPU2,-1.41,-0.13,0.10,-1.64,-2.10,-0.74
SPU2,-0.91,-0.51,2.71,-1.64,-2.10,-0.74
SPU2,-2.21,-9.74,0.48,-1.64,-2.10,-0.74
SPU2,9.47,-8.82,-16.87,-1.64,-2.10,-0.74
SPU2,9.47,-8.82,-16.87,1.81,-0.62,-0.13
SPU2,7.32,-11.23,-16.71,1.81,-0.62,-0.13
SPU2,7.32,-11.23,-16.71,2.94,3.46,1.32
SPU2,7.32,-11.23,-16.71,-0.96,1.31,0.38
SPU2,7.32,-11.23,-16.71,-1.70,-0.46,-0.28
SPU2,7.32,-11.23,-16.71,-1.76,-0.01,-0.45
SPU2,7.32,-11.23,-16.71,-1.01,-1.59,-0.65
SPU2,0.54,-44.75,-13.57,-1.01,-1.59,-0.65
SPU2,11.19,-9.51,-22.31,-1.01,-1.59,-0.65
SPU2,3.19,-16.91,-14.11,-1.01,-1.59,-0.65
SPU2,10.70,-16.79,-8.36,-1.01,-1.59,-0.65
SPU2,-2.18,-3.23,1.44,-1.01,-1.59,-0.65
SPU2,-1.91,-3.42,-0.66,-1.01,-1.59,-0.65
SPU2,1.66,3.36,-1.59,-1.01,-1.59,-0.65
SPU2,-5.97,-1.08,2.25,-1.01,-1.59,-0.65
SPU2,-5.97,-1.08,2.25,-2.46,-5.25,-2.49
SPU2,14.98,-11.43,-14.72,-2.46,-5.25,-2.49
SPU2,14.98,-11.43,-14.72,0.25,1.08,0.13
SPU2,14.98,-11.43,-14.72,1.31,-2.14,-0.50
SPU2,14.98,-11.43,-14.72,1.40,3.29,1.03
SPU2,14.98,-11.43,-14.72,1.65,2.35,1.06
SPU2,14.98,-11.43,-14.72,0.37,-1.45,0.23
SPU2,3.11,0.56,-0.09,0.37,-1.45,0.23
SPU2,-4.86,11.71,-4.84,0.37,-1.45,0.23
SPU2,2.84,-4.84,-9.86,0.37,-1.45,0.23
SPU2,15.25,-13.23,-15.07,0.37,-1.45,0.23
SPU2,-5.28,7.77,-10.82,0.37,-1.45,0.23
SPU2,8.74,-2.58,-7.45,0.37,-1.45,0.23
SPU2,3.76,-7.25,-7.87,0.37,-1.45,0.23
SPU2,1.66,-6.02,-6.91,0.37,-1.45,0.23
SPU2,1.66,-6.02,-6.91,0.66,-0.37,0.15
SPU2,2.46,-10.13,-4.69,0.66,-0.37,0.15
SPU2,2.46,-10.13,-4.69,0.25,0.65,0.09
SPU2,2.46,-10.13,-4.69,0.27,-0.33,-0.01
SPU2,2.46,-10.13,-4.69,0.20,0.30,0.06
SPU2,2.46,-10.13,-4.69,0.27,-0.09,0.01
SPU2,2.46,-10.13,-4.69,0.22,0.15,0.00
SPU2,2.46,-10.13,-4.69,0.21,0.02,-0.04
SPU2,2.46,-7.90,-6.56,0.21,0.02,-0.04
SPU2,7.86,-10.89,-11.43,0.21,0.02,-0.04
SPU2,-2.29,-12.12,-14.46,0.21,0.02,-0.04
SPU2,9.32,-9.59,2.02,0.21,0.02,-0.04
SPU2,-3.90,19.14,3.89,0.21,0.02,-0.04
SPU2,-3.94,2.75,-0.01,0.21,0.02,-0.04
SPU2,7.17,-3.34,-2.04,0.21,0.02,-0.04
SPU2,-2.06,2.79,-1.12,0.21,0.02,-0.04
SPU2,0.58,-9.47,-6.26,0.21,0.02,-0.04
SPU2,0.58,-9.47,-6.26,-0.38,2.80,-0.22
SPU2,-8.34,-5.49,-10.20,-0.38,2.80,-0.22
SPU2,-8.34,-5.49,-10.20,0.71,0.12,0.18
SPU2,-8.34,-5.49,-10.20,0.71,1.43,0.40
SPU2,-2.60,-8.17,-2.93,0.71,1.43,0.40
SPU2,-2.60,-8.17,-2.93,0.54,0.03,0.22
SPU2,-2.60,-8.17,-2.93,0.43,0.69,0.14
SPU2,1.73,-8.21,-3.54,0.43,0.69,0.14
SPU2,2.19,-8.52,-3.31,0.43,0.69,0.14
SPU2,-0.11,-8.75,-3.54,0.43,0.69,0.14
SPU2,2.27,-9.09,-3.31,0.43,0.69,0.14
SPU2,0.85,-8.98,-3.31,0.43,0.69,0.14
SPU2,1.81,-9.09,-3.57,0.43,0.69,0.14
SPU2,1.88,-8.75,-3.96,0.43,0.69,0.14
SPU2,1.96,-9.05,-3.80,0.43,0.69,0.14
SPU2,1.96,-9.05,-3.80,0.42,0.14,0.11
SPU2,1.46,-9.32,-2.85,0.42,0.14,0.11
SPU2,1.46,-9.32,-2.85,0.40,0.58,0.17
SPU2,1.46,-9.32,-2.85,0.52,0.08,0.07
SPU2,1.54,-9.32,-1.55,0.52,0.08,0.07
SPU2,1.54,-9.32,-1.55,0.37,0.46,0.09
SPU2,1.54,-9.32,-1.55,0.34,-0.08,-0.02
SPU2,1.54,-9.32,-1.55,0.18,0.38,0.05
SPU2,0.24,-9.13,-1.09,0.18,0.38,0.05
SPU2,4.49,-6.06,-2.12,0.18,0.38,0.05
SPU2,6.37,-9.20,-2.23,0.18,0.38,0.05
SPU2,0.16,-6.56,-1.36,0.18,0.38,0.05
SPU2,7.02,-9.59,-1.51,0.18,0.38,0.05
SPU2,2.61,-8.86,-1.24,0.18,0.38,0.05
SPU2,0.47,-9.89,-0.78,0.18,0.38,0.05
SPU2,0.47,-9.89,-0.78,-0.22,0.83,-0.19
SPU2,-1.33,-10.20,-0.74,-0.22,0.83,-0.19
SPU2,-1.33,-10.20,-0.74,0.02,-0.12,0.32
SPU2,0.85,-9.78,-1.78,0.02,-0.12,0.32
SPU2,2.42,-10.32,-2.46,0.02,-0.12,0.32
SPU2,2.42,-10.32,-2.46,-0.67,0.00,-1.40
deviceID,aX,aY,aZ,gX,gY,gZ
SPU1,-3.09,-9.28,-3.02,-0.21,-0.24,-0.35
SPU1,-3.24,-8.32,-3.25,-0.21,-0.24,-0.35
SPU1,-3.47,-9.51,-2.30,-0.21,-0.24,-0.35
SPU1,-3.47,-9.51,-2.30,-0.21,0.19,-0.00
SPU1,-1.29,-11.27,-2.61,-0.21,0.19,-0.00
SPU1,-1.29,-11.27,-2.61,0.11,-0.23,0.12
SPU1,-1.29,-11.27,-2.61,-0.31,-0.32,0.25
SPU1,-1.29,-11.27,-2.61,0.01,0.71,0.27
SPU1,-1.29,-11.27,-2.61,0.04,-0.10,-0.02
SPU1,-5.23,-7.36,-2.64,0.04,-0.10,-0.02
SPU1,-5.08,-8.70,-2.49,0.04,-0.10,-0.02
SPU1,-1.51,-8.17,-2.61,0.04,-0.10,-0.02
SPU1,-4.50,-8.82,-2.14,0.04,-0.10,-0.02
SPU1,-4.62,-6.14,-2.99,0.04,-0.10,-0.02
SPU1,-3.89,-1.54,-2.03,0.04,-0.10,-0.02
SPU1,-5.57,1.45,-2.22,0.04,-0.10,-0.02
SPU1,-7.72,-3.95,-1.53,0.04,-0.10,-0.02
SPU1,12.89,-16.86,-8.39,0.04,-0.10,-0.02
SPU1,12.89,-16.86,-8.39,3.35,-2.56,-2.27
SPU1,3.89,-10.85,-9.73,3.35,-2.56,-2.27
SPU1,-7.14,-9.97,1.57,3.35,-2.56,-2.27
SPU1,-7.14,-9.97,1.57,-0.03,1.25,-0.23
SPU1,-7.14,-9.97,1.57,-0.84,-0.58,-1.06
SPU1,-7.14,-9.97,1.57,1.71,-0.41,-0.32
SPU1,-7.14,-9.97,1.57,-0.91,-1.20,0.30
SPU1,-7.57,-2.00,-8.39,-0.91,-1.20,0.30
SPU1,12.81,-12.00,-13.68,-0.91,-1.20,0.30
SPU1,-35.22,-45.06,-7.47,-0.91,-1.20,0.30
SPU1,-6.42,-19.09,-14.02,-0.91,-1.20,0.30
SPU1,18.21,-14.76,-13.21,-0.91,-1.20,0.30
SPU1,-26.53,3.63,2.07,-0.91,-1.20,0.30
SPU1,7.80,15.93,-5.86,-0.91,-1.20,0.30
SPU1,-6.91,-8.89,-0.54,-0.91,-1.20,0.30
SPU1,-0.06,8.84,2.61,-0.91,-1.20,0.30
SPU1,-0.06,8.84,2.61,-0.84,1.89,1.40
SPU1,-17.56,-23.87,-6.43,-0.84,1.89,1.40
SPU1,-17.56,-23.87,-6.43,-3.43,3.51,1.22
SPU1,-17.56,-23.87,-6.43,4.23,-5.55,-2.70
SPU1,-17.56,-23.87,-6.43,-1.04,1.66,-1.31
SPU1,-17.56,-23.87,-6.43,2.50,1.54,-1.16
SPU1,-17.56,-23.87,-6.43,0.51,1.39,0.44
SPU1,-4.35,-4.57,0.65,0.51,1.39,0.44
SPU1,0.48,2.94,-0.92,0.51,1.39,0.44
SPU1,-3.54,-1.54,-5.29,0.51,1.39,0.44
SPU1,-12.24,-6.29,0.31,0.51,1.39,0.44
SPU1,-14.39,-13.72,-9.77,0.51,1.39,0.44
SPU1,11.86,-35.44,-13.41,0.51,1.39,0.44
SPU1,-1.21,-10.43,-8.00,0.51,1.39,0.44
SPU1,-2.24,-10.05,-1.84,0.51,1.39,0.44
SPU1,-2.24,-10.05,-1.84,0.31,-1.03,-0.19
SPU1,3.01,4.43,-4.82,0.31,-1.03,-0.19
SPU1,-2.82,-9.97,2.22,0.31,-1.03,-0.19
SPU1,-2.82,-9.97,2.22,0.02,-1.32,-0.39
SPU1,-2.82,-9.97,2.22,-0.84,-2.30,0.84
SPU1,-2.82,-9.97,2.22,-2.05,1.48,2.91
SPU1,-2.82,-9.97,2.22,-1.82,-0.54,1.48
SPU1,-2.78,-32.19,-9.54,-1.82,-0.54,1.48
SPU1,-10.48,-13.07,-6.51,-1.82,-0.54,1.48
SPU1,4.77,-1.39,-2.95,-1.82,-0.54,1.48
SPU1,-6.76,6.77,-0.57,-1.82,-0.54,1.48
SPU1,-8.64,-1.62,-1.34,-1.82,-0.54,1.48
SPU1,-2.66,4.97,-0.42,-1.82,-0.54,1.48
SPU1,2.20,7.65,0.23,-1.82,-0.54,1.48
SPU1,6.84,-7.44,-6.20,-1.82,-0.54,1.48
SPU1,-18.71,-14.11,-8.81,-1.82,-0.54,1.48
SPU1,-18.71,-14.11,-8.81,3.75,1.66,-0.57
SPU1,-20.05,-11.00,0.57,3.75,1.66,-0.57
SPU1,-20.05,-11.00,0.57,1.67,0.33,-1.16
SPU1,-20.05,-11.00,0.57,1.12,1.10,0.32
SPU1,-20.05,-11.00,0.57,-0.32,0.52,0.76
SPU1,-20.05,-11.00,0.57,-0.50,-1.28,-0.09
SPU1,-20.05,-11.00,0.57,-0.71,0.13,0.48
SPU1,-7.53,-0.51,-4.90,-0.71,0.13,0.48
SPU1,1.63,-23.38,-9.15,-0.71,0.13,0.48
SPU1,-27.18,-48.70,-11.30,-0.71,0.13,0.48
SPU1,-1.82,-13.11,-5.48,-0.71,0.13,0.48
SPU1,-9.25,-9.78,-2.14,-0.71,0.13,0.48
SPU1,2.55,11.60,-3.68,-0.71,0.13,0.48
SPU1,-13.50,-0.58,3.33,-0.71,0.13,0.48
SPU1,6.72,-4.68,0.65,-0.71,0.13,0.48
SPU1,6.72,-4.68,0.65,-0.49,1.96,0.15
SPU1,-14.50,0.30,-3.60,-0.49,1.96,0.15
SPU1,12.24,-36.75,-16.59,-0.49,1.96,0.15
SPU1,12.24,-36.75,-16.59,-7.17,2.77,-0.22
SPU1,-16.99,-41.42,-11.14,-7.17,2.77,-0.22
SPU1,-16.99,-41.42,-11.14,-1.44,1.44,-2.24
SPU1,-16.99,-41.42,-11.14,3.95,1.74,0.01
SPU1,-16.99,-41.42,-11.14,-2.39,0.30,-0.26
SPU1,0.21,-5.52,-1.95,-2.39,0.30,-0.26
SPU1,-0.06,7.31,1.11,-2.39,0.30,-0.26
SPU1,0.82,-2.12,3.22,-2.39,0.30,-0.26
SPU1,-17.11,-42.64,-11.53,-2.39,0.30,-0.26
SPU1,16.76,-20.08,-15.86,-2.39,0.30,-0.26
SPU1,-40.16,-37.93,-10.73,-2.39,0.30,-0.26
SPU1,5.65,3.09,-4.79,-2.39,0.30,-0.26
SPU1,1.51,9.30,-0.07,-2.39,0.30,-0.26
SPU1,1.51,9.30,-0.07,-1.49,-2.26,0.35
SPU1,2.70,-6.29,-0.34,-1.49,-2.26,0.35
SPU1,2.70,-6.29,-0.34,-1.03,-0.64,1.18
SPU1,2.70,-6.29,-0.34,-1.69,-0.92,2.72
SPU1,2.70,-6.29,-0.34,-0.22,-0.47,1.04
SPU1,2.70,-6.29,-0.34,0.01,0.61,-1.02
SPU1,2.70,-6.29,-0.34,2.67,-1.70,-2.12
SPU1,3.93,-4.26,-1.87,2.67,-1.70,-2.12
SPU1,-6.53,12.25,-4.79,2.67,-1.70,-2.12
SPU1,-2.16,-5.52,0.57,2.67,-1.70,-2.12
SPU1,-1.63,-0.28,0.23,2.67,-1.70,-2.12
SPU1,5.30,-1.58,0.61,2.67,-1.70,-2.12
SPU1,5.30,-1.58,0.61,0.06,2.76,0.90
SPU1,-34.42,-5.07,-1.38,0.06,2.76,0.90
SPU1,30.78,-28.93,-23.98,0.06,2.76,0.90
SPU1,30.78,-28.93,-23.98,5.23,-6.04,-2.51
SPU1,10.59,-1.73,-8.31,5.23,-6.04,-2.51
SPU1,10.59,-1.73,-8.31,2.48,1.99,0.08
SPU1,10.59,-1.73,-8.31,-1.06,1.31,0.89
SPU1,-0.13,-5.37,0.80,-1.06,1.31,0.89
SPU1,-0.13,-5.37,0.80,0.96,-0.93,-0.49
SPU1,-0.13,-5.37,0.80,-1.36,-2.19,0.57
SPU1,-0.13,-5.37,0.80,-4.78,-0.23,3.91
SPU1,-2.39,-12.07,-9.19,-4.78,-0.23,3.91
SPU1,-12.43,-36.44,-10.34,-4.78,-0.23,3.91
SPU1,-5.23,-12.23,-3.45,-4.78,-0.23,3.91
SPU1,0.17,-10.85,-5.29,-4.78,-0.23,3.91
SPU1,-5.77,12.21,-1.76,-4.78,-0.23,3.91
SPU1,-1.74,1.41,-0.92,-4.78,-0.23,3.91
SPU1,-0.67,-2.54,-0.23,-4.78,-0.23,3.91
SPU1,2.16,2.86,1.80,-4.78,-0.23,3.91
SPU1,-7.72,-2.96,-10.00,-4.78,-0.23,3.91
SPU1,-4.35,-23.38,-9.84,-4.78,-0.23,3.91
SPU1,-4.35,-23.38,-9.84,-1.18,1.34,-2.92
SPU1,-4.35,-23.38,-9.84,2.10,-2.63,-1.91
SPU1,-4.35,-23.38,-9.84,1.14,1.45,-0.73
SPU1,-4.35,-23.38,-9.84,2.12,-0.05,0.16
SPU1,-4.35,-23.38,-9.84,-2.11,-0.60,0.29
SPU1,2.97,-2.50,-0.80,-2.11,-0.60,0.29
SPU1,-2.39,6.96,-0.84,-2.11,-0.60,0.29
SPU1,-11.86,-6.41,-1.99,-2.11,-0.60,0.29
SPU1,-5.84,-32.53,-12.14,-2.11,-0.60,0.29
SPU1,1.51,-10.62,-7.24,-2.11,-0.60,0.29
SPU1,-14.08,-23.84,-6.32,-2.11,-0.60,0.29
SPU1,4.16,-7.48,-6.51,-2.11,-0.60,0.29
SPU1,-13.62,-2.34,2.14,-2.11,-0.60,0.29
SPU1,-13.62,-2.34,2.14,-1.48,0.80,-0.21
SPU1,-1.71,-3.38,-0.42,-1.48,0.80,-0.21
SPU1,-1.71,-3.38,-0.42,-0.30,-1.40,0.43
SPU1,-1.71,-3.38,-0.42,-0.57,-1.29,0.15
SPU1,-7.57,-3.00,-12.49,-0.57,-1.29,0.15
SPU1,-7.57,-3.00,-12.49,4.00,-0.59,0.29
SPU1,-7.57,-3.00,-12.49,-3.93,2.64,-1.06
SPU1,-12.93,-22.84,-9.54,-3.93,2.64,-1.06
SPU1,4.31,-5.64,-3.14,-3.93,2.64,-1.06
SPU1,-5.92,8.11,-1.00,-3.93,2.64,-1.06
SPU1,-2.55,-2.38,-0.65,-3.93,2.64,-1.06
SPU1,-1.51,-5.03,0.50,-3.93,2.64,-1.06
SPU1,-2.55,5.78,-0.54,-3.93,2.64,-1.06
SPU1,-2.55,5.78,-0.54,-9.83,1.15,2.91
SPU1,3.01,-39.50,-14.86,-9.83,1.15,2.91
SPU1,-30.24,-33.14,-9.77,-9.83,1.15,2.91
SPU1,-24.84,-42.30,-10.80,-9.83,1.15,2.91
SPU1,19.44,-4.95,-8.81,-9.83,1.15,2.91
SPU1,19.44,-4.95,-8.81,2.70,1.95,0.71
SPU1,1.63,5.24,0.23,-0.98,2.06,1.13
SPU1,1.63,5.24,0.23,-8.39,0.68,2.61
SPU1,-7.53,-32.15,-9.80,-8.39,0.68,2.61
SPU1,-7.53,-32.15,-9.80,-0.69,1.02,-1.20
SPU1,-7.53,-32.15,-9.80,2.20,-2.19,-1.90
SPU1,6.72,-5.11,-2.57,2.20,-2.19,-1.90
SPU1,6.72,-5.11,-2.57,1.67,1.78,0.92
SPU1,6.72,-5.11,-2.57,-0.90,2.02,0.84
SPU1,6.72,-5.11,-2.57,-0.27,-2.71,-0.03
SPU1,2.78,8.00,-1.38,-0.27,-2.71,-0.03
SPU1,-3.12,-14.68,-10.23,-0.27,-2.71,-0.03
SPU1,-15.54,-38.93,-10.34,-0.27,-2.71,-0.03
SPU1,-15.30,-24.87,-9.50,-0.27,-2.71,-0.03
SPU1,9.02,-4.80,-6.82,-0.27,-2.71,-0.03
SPU1,19.32,1.83,-6.78,-0.27,-2.71,-0.03
SPU1,-16.03,6.50,0.80,-0.27,-2.71,-0.03
SPU1,-5.84,-0.47,-1.49,-0.27,-2.71,-0.03
SPU1,-2.55,-3.30,-0.11,-0.27,-2.71,-0.03
SPU1,4.65,3.86,-4.79,-0.27,-2.71,-0.03
SPU1,4.65,3.86,-4.79,-1.56,1.96,0.48
SPU1,4.65,3.86,-4.79,-0.81,1.70,-0.26
SPU1,4.65,3.86,-4.79,2.28,0.62,-1.51
SPU1,4.65,3.86,-4.79,0.43,-2.35,-0.88
SPU1,4.65,3.86,-4.79,1.29,2.04,-0.90
SPU1,-6.99,14.59,-3.95,1.29,2.04,-0.90
SPU1,-3.12,-11.62,-0.11,1.29,2.04,-0.90
SPU1,2.59,12.75,-2.57,1.29,2.04,-0.90
SPU1,0.67,3.21,-5.29,1.29,2.04,-0.90
SPU1,-8.29,-43.64,-9.54,1.29,2.04,-0.90
SPU1,-10.36,-18.01,-11.26,1.29,2.04,-0.90
SPU1,-42.62,-45.98,-10.27,1.29,2.04,-0.90
SPU1,16.49,-0.66,-5.82,1.29,2.04,-0.90
SPU1,16.49,-0.66,-5.82,3.15,3.40,0.58
SPU1,-7.64,11.71,-4.37,3.15,3.40,0.58
SPU1,-7.64,11.71,-4.37,-0.48,-3.28,-0.46
SPU1,-7.64,11.71,-4.37,-0.14,-3.55,0.12
SPU1,6.72,-5.98,-5.09,-0.14,-3.55,0.12
SPU1,6.72,-5.98,-5.09,1.99,-0.98,-0.03
SPU1,6.72,-5.98,-5.09,-3.14,-1.27,-1.81
SPU1,-1.29,-13.34,-5.36,-3.14,-1.27,-1.81
SPU1,5.92,-6.83,-3.02,-3.14,-1.27,-1.81
SPU1,-12.32,10.75,-0.07,-3.14,-1.27,-1.81
SPU1,0.71,-7.09,-2.22,-3.14,-1.27,-1.81
SPU1,-0.75,-2.46,-0.77,-3.14,-1.27,-1.81
SPU1,-3.16,2.79,-4.90,-3.14,-1.27,-1.81
SPU1,-3.16,2.79,-4.90,2.12,-6.45,0.02
SPU1,17.52,-6.18,-14.10,2.12,-6.45,0.02
SPU1,-25.72,-44.21,-9.54,2.12,-6.45,0.02
SPU1,14.92,-10.16,-5.32,2.12,-6.45,0.02
SPU1,2.70,-12.54,-11.95,2.12,-6.45,0.02
SPU1,2.70,-12.54,-11.95,-0.61,2.61,1.34
SPU1,2.70,-12.54,-11.95,0.34,2.55,1.40
SPU1,2.70,-12.54,-11.95,0.30,-0.37,1.51
SPU1,2.70,-12.54,-11.95,2.79,4.43,1.48
SPU1,2.70,-12.54,-11.95,0.33,9.36,0.96
SPU1,-27.10,-40.80,-13.37,0.33,9.36,0.96
SPU1,-5.84,-13.57,-5.71,0.33,9.36,0.96
SPU1,-16.95,-16.25,-4.06,0.33,9.36,0.96
SPU1,2.89,5.24,-0.96,0.33,9.36,0.96
SPU1,-18.45,-18.74,-6.51,-0.80,0.08,0.81
SPU1,-9.29,-13.42,-2.26,-0.80,0.08,0.81
SPU1,-2.62,-21.65,-13.18,-0.80,0.08,0.81
SPU1,7.99,-1.43,-3.68,-0.80,0.08,0.81
SPU1,-9.52,0.72,0.77,-0.80,0.08,0.81
SPU1,-9.52,0.72,0.77,-1.36,0.39,-0.37
SPU1,-2.16,-2.50,-0.73,-1.36,0.39,-0.37
SPU1,1.44,1.87,1.11,-1.36,0.39,-0.37
SPU1,9.59,1.95,-2.37,-1.36,0.39,-0.37
SPU1,-24.00,-35.10,-6.59,-1.36,0.39,-0.37
SPU1,-24.00,-35.10,-6.59,-1.61,5.49,0.91
SPU1,-24.00,-35.10,-6.59,4.31,-8.20,-3.48
SPU1,-24.00,-35.10,-6.59,-1.01,0.03,-1.16
SPU1,-24.00,-35.10,-6.59,2.06,1.90,-0.75
SPU1,-24.00,-35.10,-6.59,-0.84,-0.65,0.52
SPU1,6.07,-4.76,-1.80,-0.84,-0.65,0.52
SPU1,-6.42,4.97,0.92,-0.84,-0.65,0.52
SPU1,-1.71,0.84,-2.45,-0.84,-0.65,0.52
SPU1,-12.81,-34.83,-9.88,-0.84,-0.65,0.52
SPU1,-3.20,-30.81,-16.36,-0.84,-0.65,0.52
SPU1,3.96,-9.32,-0.30,-0.84,-0.65,0.52
SPU1,-0.82,-6.06,-1.45,-0.84,-0.65,0.52
SPU1,-6.49,13.13,-3.25,-0.84,-0.65,0.52
SPU1,-6.49,13.13,-3.25,0.01,-3.05,0.03
SPU1,4.92,1.25,-2.18,0.01,-3.05,0.03
SPU1,4.92,1.25,-2.18,-0.91,1.08,0.52
SPU1,4.92,1.25,-2.18,-4.25,-0.04,3.06
SPU1,-15.88,-47.24,-12.07,-4.25,-0.04,3.06
SPU1,-15.88,-47.24,-12.07,-2.33,3.48,-0.77
SPU1,-15.88,-47.24,-12.07,5.08,-1.54,-1.43
SPU1,-15.88,-47.24,-12.07,1.67,1.13,-0.52
SPU1,-10.90,1.91,-0.15,1.67,1.13,-0.52
SPU1,-0.13,0.95,0.04,1.67,1.13,-0.52
SPU1,4.39,-1.43,1.42,1.67,1.13,-0.52
SPU1,-0.52,2.94,-0.84,1.67,1.13,-0.52
SPU1,-10.94,-5.37,-7.51,1.67,1.13,-0.52
SPU1,-15.30,-49.73,-12.37,1.67,1.13,-0.52
SPU1,4.73,1.64,-4.98,1.67,1.13,-0.52
SPU1,-21.66,-45.55,-13.48,1.67,1.13,-0.52
SPU1,9.40,-0.74,-4.75,1.67,1.13,-0.52
SPU1,-11.78,-13.80,-4.37,1.67,1.13,-0.52
SPU1,-11.78,-13.80,-4.37,-1.03,-0.42,-0.48
SPU1,-11.78,-13.80,-4.37,-1.69,-3.27,-0.42
SPU1,-11.78,-13.80,-4.37,1.55,-2.03,-0.23
SPU1,-11.78,-13.80,-4.37,-1.70,1.08,0.30
SPU1,-11.78,-13.80,-4.37,-5.22,3.22,2.15
SPU1,9.37,-21.04,-11.30,-5.22,3.22,2.15
SPU1,-18.25,-37.93,-6.62,-5.22,3.22,2.15
SPU1,-0.71,-9.05,-5.94,-5.22,3.22,2.15
SPU1,-6.76,0.45,2.22,-5.22,3.22,2.15
SPU1,-6.68,2.06,-2.80,-5.22,3.22,2.15
SPU1,-2.43,-2.84,0.80,-5.22,3.22,2.15
SPU1,1.86,1.14,3.75,-5.22,3.22,2.15
SPU1,-7.84,-0.13,-3.29,-5.22,3.22,2.15
SPU1,-7.84,-0.13,-3.29,1.87,-4.07,0.22
SPU1,20.89,-17.32,-14.13,1.87,-4.07,0.22
SPU1,20.89,-17.32,-14.13,4.47,-3.21,-1.36
SPU1,20.89,-17.32,-14.13,0.12,0.67,-0.71
SPU1,-0.79,1.33,-0.92,0.12,0.67,-0.71
SPU1,-0.79,1.33,-0.92,-1.27,-0.41,0.58
SPU1,-0.79,1.33,-0.92,0.70,-1.28,-0.22
SPU1,-0.79,1.33,-0.92,-0.04,-0.37,0.02
SPU1,-14.35,-17.44,-5.25,-0.04,-0.37,0.02
SPU1,-4.04,-37.36,-11.61,-0.04,-0.37,0.02
SPU1,-0.40,-26.86,-11.30,-0.04,-0.37,0.02
SPU1,-6.00,-1.73,0.65,-0.04,-0.37,0.02
SPU1,5.80,-3.69,-2.91,-0.04,-0.37,0.02
SPU1,-4.23,4.74,-2.53,-0.04,-0.37,0.02
SPU1,1.25,-7.06,2.07,-0.04,-0.37,0.02
SPU1,-4.00,6.16,0.77,-0.04,-0.37,0.02
SPU1,-7.34,11.18,-6.55,-0.04,-0.37,0.02
SPU1,-0.29,-47.16,-16.09,-0.04,-0.37,0.02
SPU1,-0.29,-47.16,-16.09,-3.53,1.48,1.51
deviceID,aX,aY,aZ,gX,gY,gZ
SPU3,-3.37,9.16,-2.91,0.00,0.91,-0.13
SPU3,-1.88,8.43,-3.83,0.00,0.91,-0.13
SPU3,2.76,9.00,-3.26,0.00,0.91,-0.13
SPU3,-4.64,9.27,-2.91,0.00,0.91,-0.13
SPU3,-3.10,6.93,-3.33,0.00,0.91,-0.13
SPU3,-1.95,3.26,-3.87,0.00,0.91,-0.13
SPU3,-1.61,1.61,-3.07,0.00,0.91,-0.13
SPU3,-1.61,1.61,-3.07,0.66,-1.01,-1.58
SPU3,0.00,14.82,-6.21,0.66,-1.01,-1.58
SPU3,-1.88,31.22,-10.69,0.66,-1.01,-1.58
SPU3,-1.88,31.22,-10.69,-1.89,0.38,2.45
SPU3,-5.32,8.66,-2.80,-1.89,0.38,2.45
SPU3,2.95,-9.61,-2.76,-1.89,0.38,2.45
SPU3,2.95,-9.61,-2.76,1.11,2.98,-0.73
SPU3,2.95,-9.61,-2.76,-1.00,0.27,0.15
SPU3,2.95,-9.61,-2.76,1.26,-2.16,-0.60
SPU3,2.95,-9.61,-2.76,0.59,-1.87,-0.35
SPU3,-9.27,19.08,-2.45,0.59,-1.87,-0.35
SPU3,14.02,15.25,-7.43,0.59,-1.87,-0.35
SPU3,-36.01,40.99,-11.03,0.59,-1.87,-0.35
SPU3,16.43,3.71,-8.01,0.59,-1.87,-0.35
SPU3,-1.46,3.33,-0.42,0.59,-1.87,-0.35
SPU3,-7.97,1.11,1.15,0.59,-1.87,-0.35
SPU3,-3.33,0.69,-2.57,0.59,-1.87,-0.35
SPU3,1.91,2.11,-0.11,0.59,-1.87,-0.35
SPU3,2.76,-3.07,0.69,0.59,-1.87,-0.35
SPU3,-19.57,18.27,-18.08,0.59,-1.87,-0.35
SPU3,-19.57,18.27,-18.08,3.51,1.88,1.10
SPU3,-19.57,18.27,-18.08,-7.43,-2.98,2.17
SPU3,6.89,-11.38,-4.94,-7.43,-2.98,2.17
SPU3,6.89,-11.38,-4.94,-1.86,4.14,0.47
SPU3,6.89,-11.38,-4.94,-2.07,0.97,-0.36
SPU3,6.89,-11.38,-4.94,2.29,-0.93,-0.29
SPU3,6.89,-11.38,-4.94,-0.35,-0.64,0.07
SPU3,4.02,-9.77,-2.57,-0.35,-0.64,0.07
SPU3,-21.37,28.43,-11.49,-0.35,-0.64,0.07
SPU3,9.08,29.92,-13.52,-0.35,-0.64,0.07
SPU3,-9.88,50.07,-15.21,-0.35,-0.64,0.07
SPU3,2.11,-2.34,-8.16,-0.35,-0.64,0.07
SPU3,5.40,20.00,-10.11,-0.35,-0.64,0.07
SPU3,-8.46,-4.64,2.95,-0.35,-0.64,0.07
SPU3,-1.23,-1.65,-1.95,-0.35,-0.64,0.07
SPU3,0.61,2.80,-0.69,-0.35,-0.64,0.07
SPU3,1.11,0.69,-0.04,-0.35,-0.64,0.07
SPU3,1.11,0.69,-0.04,0.24,0.68,-1.21
SPU3,1.11,0.69,-0.04,1.88,-1.21,-0.80
SPU3,0.84,13.45,-9.35,1.88,-1.21,-0.80
SPU3,0.84,13.45,-9.35,0.97,3.29,1.10
SPU3,0.84,13.45,-9.35,-3.08,-1.97,1.94
SPU3,1.23,6.05,-1.88,-3.08,-1.97,1.94
SPU3,1.23,6.05,-1.88,-0.62,1.80,0.14
SPU3,1.23,6.05,-1.88,0.89,2.47,-1.09
SPU3,-8.01,-2.84,0.50,0.89,2.47,-1.09
SPU3,-0.61,-5.25,0.27,0.89,2.47,-1.09
SPU3,14.75,9.08,0.23,0.89,2.47,-1.09
SPU3,2.45,37.23,-15.02,0.89,2.47,-1.09
SPU3,-16.74,16.47,-13.25,0.89,2.47,-1.09
SPU3,-5.25,25.17,-8.81,0.89,2.47,-1.09
SPU3,5.79,9.16,-3.10,0.89,2.47,-1.09
SPU3,5.79,9.16,-3.10,-0.44,0.98,-0.11
SPU3,-5.82,-3.48,-0.23,-0.44,0.98,-0.11
SPU3,2.30,3.48,-1.88,-0.44,0.98,-0.11
SPU3,2.30,3.48,-1.88,-0.26,-0.40,-0.54
SPU3,0.46,-0.30,1.11,-0.26,-0.40,-0.54
SPU3,0.46,-0.30,1.11,-2.89,0.33,-1.34
SPU3,0.46,-0.30,1.11,3.92,0.60,0.69
SPU3,-4.64,35.70,-9.35,3.92,0.60,0.69
SPU3,-4.64,35.70,-9.35,-0.58,-1.65,1.17
SPU3,-4.64,35.70,-9.35,-1.25,1.04,1.01
SPU3,-3.41,3.52,-1.11,-1.25,1.04,1.01
SPU3,2.64,7.62,-0.65,-1.25,1.04,1.01
SPU3,1.27,-5.05,-0.34,-1.25,1.04,1.01
SPU3,-14.29,-2.18,-5.79,-1.25,1.04,1.01
SPU3,-14.59,29.84,-8.04,-1.25,1.04,1.01
SPU3,4.10,-7.20,-9.08,-1.25,1.04,1.01
SPU3,-6.44,27.43,-11.95,-1.25,1.04,1.01
SPU3,-6.44,27.43,-11.95,-1.74,2.88,0.36
SPU3,-11.07,3.68,-3.18,-1.74,2.88,0.36
SPU3,-1.00,-5.21,-0.38,-1.74,2.88,0.36
SPU3,-1.00,-5.21,-0.38,-1.13,-0.43,-0.24
SPU3,-0.84,-3.91,-0.61,-1.13,-0.43,-0.24
SPU3,-0.65,1.68,0.57,-1.13,-0.43,-0.24
SPU3,-0.65,1.68,0.57,7.00,0.47,-1.32
SPU3,-0.65,1.68,0.57,-0.50,-0.26,0.18
SPU3,-0.65,1.68,0.57,-2.35,-0.05,1.45
SPU3,-0.65,1.68,0.57,-0.79,-4.03,1.63
SPU3,0.27,-1.27,0.42,-0.79,-4.03,1.63
SPU3,0.30,-4.52,0.73,-0.79,-4.03,1.63
SPU3,0.61,4.06,-2.53,-0.79,-4.03,1.63
SPU3,-1.91,-2.03,1.49,-0.79,-4.03,1.63
SPU3,-11.64,4.14,-5.32,-0.79,-4.03,1.63
SPU3,3.48,52.33,-20.04,-0.79,-4.03,1.63
SPU3,9.31,25.28,-13.64,-0.79,-4.03,1.63
SPU3,-11.84,12.11,-5.05,-0.79,-4.03,1.63
SPU3,12.60,0.38,-5.17,-0.79,-4.03,1.63
SPU3,-6.93,-10.15,-1.95,-0.79,-4.03,1.63
SPU3,-6.93,-10.15,-1.95,1.11,0.18,-1.12
SPU3,-6.93,-10.15,-1.95,-1.21,0.63,0.33
SPU3,-2.80,-2.76,0.88,-1.21,0.63,0.33
SPU3,-2.80,-2.76,0.88,-0.60,-1.47,-0.01
SPU3,-2.80,-2.76,0.88,2.47,-0.37,-1.02
SPU3,-2.80,-2.76,0.88,-5.08,1.05,-1.49
SPU3,-2.80,-2.76,0.88,5.28,2.62,0.88
SPU3,-1.65,-6.86,-5.29,5.28,2.62,0.88
SPU3,8.43,-0.65,-0.88,5.28,2.62,0.88
SPU3,0.54,-7.01,-0.34,5.28,2.62,0.88
SPU3,-2.03,2.72,-1.57,5.28,2.62,0.88
SPU3,-6.09,-1.61,-0.65,5.28,2.62,0.88
SPU3,-5.94,-4.52,0.96,5.28,2.62,0.88
SPU3,4.41,5.25,-7.24,5.28,2.62,0.88
SPU3,-1.99,14.52,-4.33,5.28,2.62,0.88
SPU3,7.78,21.99,-11.03,5.28,2.62,0.88
SPU3,-20.23,14.63,-2.26,5.28,2.62,0.88
SPU3,-20.23,14.63,-2.26,-1.74,0.05,0.93
SPU3,-20.23,14.63,-2.26,-0.39,1.36,-0.42
SPU3,-0.46,-4.86,-1.57,-0.39,1.36,-0.42
SPU3,-0.46,-4.86,-1.57,0.94,-0.44,-0.29
SPU3,-0.46,-4.86,-1.57,-0.86,-1.89,-0.02
SPU3,-1.95,-3.14,-3.52,-0.86,-1.89,-0.02
SPU3,-1.95,-3.14,-3.52,-4.20,0.40,-0.60
SPU3,-18.20,41.87,-14.44,-4.20,0.40,-0.60
SPU3,9.77,4.60,-6.63,-4.20,0.40,-0.60
SPU3,4.14,12.64,-6.17,-4.20,0.40,-0.60
SPU3,-3.56,-6.24,-1.00,-4.20,0.40,-0.60
SPU3,-0.88,2.03,-0.84,-4.20,0.40,-0.60
SPU3,-0.80,2.41,-1.19,-4.20,0.40,-0.60
SPU3,-3.60,-0.57,1.30,-4.20,0.40,-0.60
SPU3,-1.61,-0.50,-5.75,-4.20,0.40,-0.60
SPU3,-1.61,-0.50,-5.75,-3.67,-0.90,-0.62
SPU3,-4.60,1.57,-3.48,-3.67,-0.90,-0.62
SPU3,-10.88,25.17,-12.76,-3.67,-0.90,-0.62
SPU3,-10.88,25.17,-12.76,-2.01,-0.45,0.68
SPU3,4.64,3.45,-3.68,-2.01,-0.45,0.68
SPU3,4.64,3.45,-3.68,-1.36,0.86,0.36
SPU3,4.64,3.45,-3.68,1.63,-0.23,-0.18
SPU3,4.64,3.45,-3.68,0.18,-1.03,-0.07
SPU3,4.64,3.45,-3.68,-1.12,-0.76,-0.43
SPU3,4.64,3.45,-3.68,3.49,1.83,-0.48
SPU3,9.77,4.90,-4.29,3.49,1.83,-0.48
SPU3,11.88,22.60,-15.94,3.49,1.83,-0.48
SPU3,-14.56,23.25,-8.85,3.49,1.83,-0.48
SPU3,5.86,5.86,-3.37,3.49,1.83,-0.48
SPU3,-4.90,-3.26,0.84,3.49,1.83,-0.48
SPU3,-1.19,-9.46,-1.19,3.49,1.83,-0.48
SPU3,-5.48,8.58,-2.72,3.49,1.83,-0.48
SPU3,-5.48,8.58,-2.72,-0.71,-2.02,-0.34
SPU3,3.68,-2.72,0.92,-0.71,-2.02,-0.34
SPU3,-13.60,36.62,-9.88,-0.71,-2.02,-0.34
SPU3,-13.60,36.62,-9.88,5.23,0.23,0.72
SPU3,-9.31,39.07,-14.10,5.23,0.23,0.72
SPU3,-9.31,39.07,-14.10,-1.43,-1.52,1.87
SPU3,-9.31,39.07,-14.10,-1.75,1.10,0.66
SPU3,-9.31,39.07,-14.10,0.50,2.31,-1.02
SPU3,-9.31,39.07,-14.10,1.30,0.04,-0.03
SPU3,-9.31,39.07,-14.10,-1.31,-2.41,-0.21
SPU3,10.04,0.84,-3.68,-1.31,-2.41,-0.21
SPU3,-5.02,13.06,-11.72,-1.31,-2.41,-0.21
SPU3,-0.69,17.51,-6.44,-1.31,-2.41,-0.21
SPU3,-13.33,32.52,-7.97,-1.31,-2.41,-0.21
SPU3,9.16,3.26,-3.45,-1.31,-2.41,-0.21
SPU3,0.27,3.10,-2.11,-1.31,-2.41,-0.21
SPU3,-4.52,-8.93,-2.14,-1.31,-2.41,-0.21
SPU3,-4.52,-8.93,-2.14,1.35,-1.58,-0.66
SPU3,0.54,7.85,-0.50,1.35,-1.58,-0.66
SPU3,0.54,-6.21,-2.26,1.35,-1.58,-0.66
SPU3,0.54,-6.21,-2.26,-7.79,-3.04,-0.73
SPU3,0.54,-6.21,-2.26,7.27,3.66,1.49
SPU3,-30.03,47.04,-13.41,7.27,3.66,1.49
SPU3,-30.03,47.04,-13.41,1.09,-1.00,1.07
SPU3,-30.03,47.04,-13.41,-2.22,1.26,0.66
SPU3,-30.03,47.04,-13.41,0.96,1.92,-1.11
SPU3,-2.30,9.16,-2.45,0.96,1.92,-1.11
SPU3,-4.79,-4.14,1.72,0.96,1.92,-1.11
SPU3,-1.46,9.50,-9.84,0.96,1.92,-1.11
SPU3,2.26,40.57,-13.95,0.96,1.92,-1.11
SPU3,-2.18,39.50,-16.47,0.96,1.92,-1.11
SPU3,-1.00,0.15,-2.41,0.96,1.92,-1.11
SPU3,13.41,8.04,-4.75,0.96,1.92,-1.11
SPU3,-11.07,-0.15,-0.11,0.96,1.92,-1.11
SPU3,-0.08,-5.21,-2.26,0.96,1.92,-1.11
SPU3,-0.08,-5.21,-2.26,-1.19,-0.92,0.33
SPU3,-4.52,-4.48,-1.00,-1.19,-0.92,0.33
SPU3,-4.52,-4.48,-1.00,5.71,-0.26,-2.83
SPU3,-4.52,-4.48,-1.00,0.07,0.70,-0.77
SPU3,-3.79,36.85,-16.32,0.07,0.70,-0.77
SPU3,-3.79,36.85,-16.32,-0.86,-3.68,1.54
SPU3,-3.79,36.85,-16.32,-1.64,0.91,1.00
SPU3,-3.79,36.85,-16.32,-0.93,2.45,0.25
SPU3,-4.75,-2.64,-1.27,-0.93,2.45,0.25
SPU3,-0.08,3.91,0.30,-0.93,2.45,0.25
SPU3,-1.34,-2.84,0.30,-0.93,2.45,0.25
SPU3,-6.24,1.07,-6.05,-0.93,2.45,0.25
SPU3,0.57,1.65,-7.12,-0.93,2.45,0.25
SPU3,-13.48,51.48,-17.39,-0.93,2.45,0.25
SPU3,-7.36,5.55,-0.69,-0.93,2.45,0.25
SPU3,2.49,11.68,-3.33,-0.93,2.45,0.25
SPU3,1.07,-12.30,-2.22,-0.93,2.45,0.25
SPU3,1.07,-12.30,-2.22,1.58,1.99,-1.04
SPU3,-10.42,5.55,-2.41,1.58,1.99,-1.04
SPU3,-2.14,-0.04,-1.68,1.58,1.99,-1.04
SPU3,-2.14,-0.04,-1.68,-5.62,-0.25,-1.68
SPU3,-2.14,-0.04,-1.68,6.64,4.87,-0.23
SPU3,-2.14,-0.04,-1.68,-5.46,2.43,0.50
SPU3,-2.14,-0.04,-1.68,-0.84,-2.60,2.00
SPU3,3.83,-7.55,-0.80,-0.84,-2.60,2.00
SPU3,6.28,-6.40,-2.95,-0.84,-2.60,2.00
SPU3,-6.66,5.52,-1.99,-0.84,-2.60,2.00
SPU3,-0.30,-3.26,-3.71,-1.49,2.24,-0.32
SPU3,-5.98,-6.36,-0.69,-1.49,2.24,-0.32
SPU3,-2.95,0.80,-1.30,-1.49,2.24,-0.32
SPU3,2.34,0.27,-0.30,-1.49,2.24,-0.32
SPU3,6.86,4.94,-16.93,-1.49,2.24,-0.32
SPU3,-53.25,33.44,-8.35,-1.49,2.24,-0.32
SPU3,7.05,12.83,-16.70,-1.49,2.24,-0.32
SPU3,-22.18,20.53,-5.98,-1.49,2.24,-0.32
SPU3,9.04,-4.18,-5.09,-1.49,2.24,-0.32
SPU3,1.23,-1.76,0.04,-1.49,2.24,-0.32
SPU3,1.23,-1.76,0.04,1.29,-0.90,-0.38
SPU3,1.23,-1.76,0.04,-0.53,-0.84,0.37
SPU3,-2.37,-2.34,1.57,-0.53,-0.84,0.37
SPU3,-2.37,-2.34,1.57,3.63,-1.37,-0.56
SPU3,-2.37,-2.34,1.57,-5.95,-2.21,-2.45
SPU3,7.12,16.13,-15.40,-5.95,-2.21,-2.45
SPU3,7.12,16.13,-15.40,-6.37,-5.92,1.50
SPU3,7.70,5.94,-2.64,-6.37,-5.92,1.50
SPU3,-1.65,1.88,-0.23,-6.37,-5.92,1.50
SPU3,-2.87,-1.91,-1.00,-6.37,-5.92,1.50
SPU3,-2.76,1.72,0.04,-6.37,-5.92,1.50
SPU3,-2.30,1.07,-2.99,-6.37,-5.92,1.50
SPU3,-15.40,15.09,-9.08,-6.37,-5.92,1.50
SPU3,32.64,20.65,-17.39,-6.37,-5.92,1.50
SPU3,-31.95,46.66,-10.65,-6.37,-5.92,1.50
SPU3,-31.95,46.66,-10.65,0.32,1.16,1.37
SPU3,-3.56,9.84,-1.15,0.32,1.16,1.37
SPU3,1.99,-13.14,-3.52,0.32,1.16,1.37
SPU3,1.99,-13.14,-3.52,1.23,0.69,-0.21
SPU3,-5.44,3.03,0.61,1.23,0.69,-0.21
SPU3,-5.44,3.03,0.61,2.37,-1.12,-0.85
SPU3,-5.44,3.03,0.61,-4.87,-0.69,-1.04
SPU3,8.04,6.28,-7.16,-4.87,-0.69,-1.04
SPU3,8.04,6.28,-7.16,-2.15,2.44,1.38
SPU3,7.24,6.47,-4.48,-2.15,2.44,1.38
SPU3,5.36,-0.65,-3.56,-2.15,2.44,1.38
SPU3,-4.06,-4.56,-0.80,-2.15,2.44,1.38
SPU3,-6.28,3.07,0.42,-2.15,2.44,1.38
SPU3,2.14,-0.50,-1.42,-2.15,2.44,1.38
SPU3,1.72,-0.19,-2.34,-2.15,2.44,1.38
SPU3,-9.84,29.88,-9.27,-2.15,2.44,1.38
SPU3,-1.38,10.61,-6.70,-2.15,2.44,1.38
SPU3,-1.38,10.61,-6.70,-2.39,-0.75,1.02
SPU3,-7.74,6.59,-3.75,-2.39,-0.75,1.02
SPU3,-4.37,6.36,-0.80,-2.39,-0.75,1.02
SPU3,-4.37,6.36,-0.80,0.61,-0.51,0.29
SPU3,7.43,0.96,-1.42,0.61,-0.51,0.29
SPU3,7.43,0.96,-1.42,-0.49,-0.31,-0.33
SPU3,7.43,0.96,-1.42,1.29,-2.19,-0.97
SPU3,7.43,0.96,-1.42,-4.52,-0.46,-1.07
SPU3,7.43,0.96,-1.42,4.87,0.12,-0.89
SPU3,7.43,0.96,-1.42,-1.63,0.56,0.14
SPU3,10.00,15.86,-7.59,-1.63,0.56,0.14
SPU3,-13.60,19.23,-3.60,-1.63,0.56,0.14
SPU3,2.22,-8.54,-3.98,-1.63,0.56,0.14
SPU3,0.77,-3.68,0.34,-1.63,0.56,0.14
SPU3,-3.37,5.17,-1.91,-1.63,0.56,0.14
SPU3,1.91,-9.20,-0.04,-1.63,0.56,0.14
SPU3,0.65,9.16,-8.73,-1.63,0.56,0.14
SPU3,0.65,9.16,-8.73,0.42,-2.55,-0.66
SPU3,16.05,26.97,-16.78,0.42,-2.55,-0.66
SPU3,-16.66,18.46,-2.41,0.42,-2.55,-0.66
SPU3,-16.66,18.46,-2.41,-1.22,-0.08,0.95
SPU3,-1.11,-5.52,-2.11,-1.22,-0.08,0.95
SPU3,-1.84,0.96,-3.03,-1.22,-0.08,0.95
SPU3,-1.84,0.96,-3.03,-0.30,0.70,-0.62
SPU3,-1.84,0.96,-3.03,0.88,-0.40,-0.71
SPU3,-1.84,0.96,-3.03,5.31,-0.38,-1.05
SPU3,-1.84,0.96,-3.03,-4.32,-0.30,-1.12
SPU3,-30.11,48.07,-17.12,-4.32,-0.30,-1.12
SPU3,-12.98,1.88,-8.16,-4.32,-0.30,-1.12
SPU3,3.83,10.04,0.34,-4.32,-0.30,-1.12
SPU3,3.64,-5.48,-5.29,-4.32,-0.30,-1.12
SPU3,-4.64,3.75,0.34,-4.32,-0.30,-1.12
SPU3,-9.00,4.90,-1.42,-4.32,-0.30,-1.12
SPU3,2.99,-1.72,-1.65,-4.32,-0.30,-1.12
SPU3,-4.02,26.55,-10.42,-4.32,-0.30,-1.12
SPU3,-4.98,10.61,-6.05,-4.32,-0.30,-1.12
SPU3,-15.59,16.47,-5.79,-4.32,-0.30,-1.12
SPU3,-15.59,16.47,-5.79,-1.43,-1.10,1.33
