deviceID,aX,aY,aZ,gX,gY,gZ
SPU4,-0.40,10.84,-1.54,-0.11,-0.31,0.27
SPU4,-0.40,10.84,-1.54,-0.46,-1.31,0.56
SPU4,-0.40,10.84,-1.54,-0.59,-0.71,0.59
SPU4,-0.40,10.84,-1.54,-0.78,-0.36,0.46
SPU4,-0.40,10.84,-1.54,-0.28,0.27,0.32
SPU4,-0.40,10.84,-1.54,-0.68,-0.15,0.66
SPU4,0.71,9.80,-0.58,-0.68,-0.15,0.66
SPU4,-0.25,9.07,-4.68,-0.68,-0.15,0.66
SPU4,-0.40,10.26,-3.87,-0.68,-0.15,0.66
SPU4,-6.61,12.71,-5.29,-0.68,-0.15,0.66
SPU4,6.84,13.82,-2.99,-0.68,-0.15,0.66
SPU4,10.82,8.77,-0.16,-0.68,-0.15,0.66
SPU4,-7.95,7.85,1.11,-0.68,-0.15,0.66
SPU4,14.00,18.19,-3.30,-0.68,-0.15,0.66
SPU4,26.80,8.42,-6.44,-0.68,-0.15,0.66
SPU4,5.39,13.82,-6.10,-0.68,-0.15,0.66
SPU4,5.39,13.82,-6.10,-1.18,0.01,-0.07
SPU4,2.17,7.62,1.68,-1.18,0.01,-0.07
SPU4,2.17,7.62,1.68,-0.25,-0.16,0.55
SPU4,2.17,7.62,1.68,1.13,2.65,0.51
SPU4,2.17,7.62,1.68,0.08,-0.48,0.96
SPU4,8.45,8.46,-1.77,0.08,-0.48,0.96
SPU4,0.06,10.99,0.61,0.08,-0.48,0.96
SPU4,1.59,8.30,0.84,0.08,-0.48,0.96
SPU4,3.55,9.30,-0.12,0.08,-0.48,0.96
SPU4,7.91,9.04,-4.64,0.08,-0.48,0.96
SPU4,8.11,6.58,-5.56,0.08,-0.48,0.96
SPU4,3.20,0.57,-2.04,0.08,-0.48,0.96
SPU4,3.32,7.00,3.94,0.08,-0.48,0.96
SPU4,9.18,4.74,-8.36,0.08,-0.48,0.96
SPU4,9.18,4.74,-8.36,0.49,2.17,-0.19
SPU4,-7.75,19.11,3.02,0.49,2.17,-0.19
SPU4,-7.75,19.11,3.02,0.82,1.21,1.65
SPU4,-7.75,19.11,3.02,3.52,-1.42,3.73
SPU4,6.77,14.05,-5.45,3.52,-1.42,3.73
SPU4,6.77,14.05,-5.45,0.41,-2.55,0.90
SPU4,6.77,14.05,-5.45,-1.99,-1.07,-2.64
SPU4,6.77,14.05,-5.45,-3.79,-0.12,-4.21
SPU4,13.43,-6.29,-5.37,-3.79,-0.12,-4.21
SPU4,-7.25,0.68,-4.37,-3.79,-0.12,-4.21
SPU4,-5.87,6.20,3.14,-3.79,-0.12,-4.21
SPU4,-13.23,25.32,-9.77,-3.79,-0.12,-4.21
SPU4,28.60,31.33,-5.91,-3.79,-0.12,-4.21
SPU4,4.31,26.70,-8.97,-3.79,-0.12,-4.21
SPU4,-4.15,-1.23,2.33,-3.79,-0.12,-4.21
SPU4,-1.05,2.83,-2.80,-3.79,-0.12,-4.21
SPU4,6.88,12.33,-0.62,-3.79,-0.12,-4.21
SPU4,6.88,12.33,-0.62,2.88,-0.16,-0.36
SPU4,19.79,15.89,-3.68,2.88,-0.16,-0.36
SPU4,19.79,15.89,-3.68,-0.78,-0.28,-2.91
SPU4,19.79,15.89,-3.68,-0.13,-1.36,-3.62
SPU4,19.79,15.89,-3.68,-1.99,4.40,-3.61
SPU4,19.79,15.89,-3.68,-0.04,0.93,-1.65
SPU4,19.79,15.89,-3.68,-0.15,-0.01,0.29
SPU4,-7.83,40.64,-6.25,-0.15,-0.01,0.29
SPU4,20.10,-6.17,-12.84,-0.15,-0.01,0.29
SPU4,1.59,13.82,-1.16,-0.15,-0.01,0.29
SPU4,6.92,12.64,0.07,-0.15,-0.01,0.29
SPU4,-4.27,6.73,0.80,-0.15,-0.01,0.29
SPU4,-17.48,9.34,2.25,-0.15,-0.01,0.29
SPU4,9.14,4.05,0.41,-0.15,-0.01,0.29
SPU4,5.73,23.05,-8.36,-0.15,-0.01,0.29
SPU4,10.02,5.43,-7.55,-0.15,-0.01,0.29
SPU4,16.57,1.87,-9.35,-0.15,-0.01,0.29
SPU4,16.57,1.87,-9.35,-1.71,1.62,-6.52
SPU4,-1.47,-4.53,-1.00,-1.71,1.62,-6.52
SPU4,-1.47,-4.53,-1.00,-2.22,-2.26,1.63
SPU4,-1.47,-4.53,-1.00,11.81,-2.74,5.55
SPU4,-1.47,-4.53,-1.00,-4.22,2.28,6.93
SPU4,-1.47,-4.53,-1.00,5.36,0.62,1.29
SPU4,-1.47,-4.53,-1.00,-1.40,0.68,1.32
SPU4,-2.89,21.06,-0.96,-1.40,0.68,1.32
SPU4,-19.21,4.86,2.37,-1.40,0.68,1.32
SPU4,-6.76,6.09,1.11,-1.40,0.68,1.32
SPU4,5.73,15.20,-6.55,-1.40,0.68,1.32
SPU4,14.27,6.81,-10.54,-1.40,0.68,1.32
SPU4,25.27,4.25,-11.54,-1.40,0.68,1.32
SPU4,8.38,-5.45,-3.84,-1.40,0.68,1.32
SPU4,8.38,-5.45,-3.84,-1.37,-0.53,-3.74
SPU4,9.83,-0.43,-2.07,-1.37,-0.53,-3.74
SPU4,-10.05,-4.34,-3.87,-1.37,-0.53,-3.74
SPU4,-10.05,-4.34,-3.87,-4.93,1.70,9.51
SPU4,16.00,4.29,-11.08,-4.93,1.70,9.51
SPU4,16.00,4.29,-11.08,-3.03,0.18,2.08
SPU4,16.00,4.29,-11.08,1.87,2.15,0.74
SPU4,16.00,4.29,-11.08,0.35,1.68,3.11
SPU4,16.00,4.29,-11.08,3.11,0.00,3.41
SPU4,1.40,14.13,-2.27,3.11,0.00,3.41
SPU4,15.04,14.66,-9.16,3.11,0.00,3.41
SPU4,18.41,-1.61,-6.63,3.11,0.00,3.41
SPU4,11.52,-2.00,-5.18,3.11,0.00,3.41
SPU4,-0.59,1.14,0.45,3.11,0.00,3.41
SPU4,2.09,-2.15,1.53,3.11,0.00,3.41
SPU4,-4.30,-1.00,3.52,3.11,0.00,3.41
SPU4,45.04,26.00,-31.99,3.11,0.00,3.41
SPU4,45.04,26.00,-31.99,5.26,1.02,1.19
SPU4,6.80,28.57,-13.07,5.26,1.02,1.19
SPU4,6.80,28.57,-13.07,1.49,2.22,0.02
SPU4,-7.33,12.06,-4.34,1.49,2.22,0.02
SPU4,0.87,0.49,-0.50,1.49,2.22,0.02
SPU4,0.87,0.49,-0.50,2.84,4.64,2.81
SPU4,1.59,15.47,-4.34,2.84,4.64,2.81
SPU4,1.59,15.47,-4.34,1.66,-0.15,-1.04
SPU4,1.59,15.47,-4.34,0.00,1.13,-3.37
SPU4,19.33,5.62,-2.92,0.00,1.13,-3.37
SPU4,1.75,-1.20,-2.27,0.00,1.13,-3.37
SPU4,11.75,4.71,-7.71,0.00,1.13,-3.37
SPU4,0.45,-3.19,-1.08,0.00,1.13,-3.37
SPU4,-11.62,6.28,-0.50,0.00,1.13,-3.37
SPU4,36.80,-32.72,-7.36,0.00,1.13,-3.37
SPU4,17.30,9.23,-14.75,0.00,1.13,-3.37
SPU4,0.48,3.40,-0.77,0.00,1.13,-3.37
SPU4,0.48,3.40,-0.77,1.18,4.64,-1.10
SPU4,-5.68,9.76,-2.19,1.18,4.64,-1.10
SPU4,-5.68,9.76,-2.19,1.78,3.73,0.89
SPU4,-14.38,7.58,4.48,1.78,3.73,0.89
SPU4,-14.38,7.58,4.48,3.95,1.26,2.09
SPU4,-14.38,7.58,4.48,-0.52,3.69,0.29
SPU4,17.37,7.46,-0.58,-0.52,3.69,0.29
SPU4,17.37,7.46,-0.58,-1.15,1.36,-5.13
SPU4,21.93,-8.24,-6.44,-1.15,1.36,-5.13
SPU4,10.02,-7.59,-11.80,-1.15,1.36,-5.13
SPU4,-11.01,9.27,1.49,-1.15,1.36,-5.13
SPU4,1.29,13.75,-12.23,-1.15,1.36,-5.13
SPU4,11.67,35.20,-14.26,-1.15,1.36,-5.13
SPU4,19.41,21.98,-16.59,-1.15,1.36,-5.13
SPU4,19.41,21.98,-16.59,1.90,1.04,0.33
SPU4,3.05,18.27,-3.49,1.90,1.04,0.33
SPU4,-12.81,6.51,2.10,1.90,1.04,0.33
SPU4,-23.04,12.71,2.68,1.90,1.04,0.33
SPU4,3.82,15.05,0.34,1.90,1.04,0.33
SPU4,3.82,15.05,0.34,-1.86,-0.52,1.01
SPU4,28.14,5.55,-8.47,-1.86,-0.52,1.01
SPU4,28.14,5.55,-8.47,-2.69,2.89,-5.75
SPU4,28.14,5.55,-8.47,-0.75,-0.04,-7.15
SPU4,28.14,5.55,-8.47,-0.50,2.96,-4.30
SPU4,-9.21,3.59,1.14,-0.50,2.96,-4.30
SPU4,-1.24,40.14,-13.45,-0.50,2.96,-4.30
SPU4,19.37,-0.39,-10.39,-0.50,2.96,-4.30
SPU4,22.32,29.84,-12.42,-0.50,2.96,-4.30
SPU4,4.31,17.04,2.41,-0.50,2.96,-4.30
SPU4,2.59,19.34,-2.27,-0.50,2.96,-4.30
SPU4,-17.18,13.55,0.99,-0.50,2.96,-4.30
SPU4,-17.18,13.55,0.99,1.94,-1.54,3.05
SPU4,13.09,17.46,-5.87,1.94,-1.54,3.05
SPU4,13.09,17.46,-5.87,-2.32,-2.32,-0.25
SPU4,13.09,17.46,-5.87,-3.45,-2.31,-2.60
SPU4,16.99,-3.41,-9.70,-3.45,-2.31,-2.60
SPU4,16.99,-3.41,-9.70,-3.58,-0.64,-5.98
SPU4,16.99,-3.41,-9.70,-1.09,1.08,-5.80
SPU4,16.99,-3.41,-9.70,-1.59,-6.22,-0.90
SPU4,10.10,0.07,-3.11,11.15,-4.06,6.55
SPU4,10.10,0.07,-3.11,-2.29,4.97,9.20
SPU4,5.65,37.11,-18.51,-2.29,4.97,9.20
SPU4,25.23,-9.28,-7.67,-2.29,4.97,9.20
SPU4,-2.85,35.43,-3.18,-2.29,4.97,9.20
SPU4,2.97,2.21,4.74,-2.29,4.97,9.20
SPU4,-10.28,6.70,1.98,-2.29,4.97,9.20
SPU4,12.43,-4.30,2.14,-2.29,4.97,9.20
SPU4,8.64,7.50,1.11,-2.29,4.97,9.20
SPU4,5.69,11.56,-6.59,-2.29,4.97,9.20
SPU4,5.69,11.56,-6.59,-2.88,0.26,-1.78
SPU4,20.21,0.53,-11.69,-2.88,0.26,-1.78
SPU4,4.81,-4.53,-4.14,-2.88,0.26,-1.78
SPU4,4.81,-4.53,-4.14,-3.21,-0.81,-4.94
SPU4,9.10,-1.00,-11.88,-3.21,-0.81,-4.94
SPU4,9.10,-1.00,-11.88,-2.59,-7.27,2.85
SPU4,9.10,-1.00,-11.88,9.26,1.42,-4.46
SPU4,9.10,-1.00,-11.88,-0.90,-1.70,1.45
SPU4,19.94,37.46,-10.39,-0.90,-1.70,1.45
SPU4,-0.97,13.94,2.64,-0.90,-1.70,1.45
SPU4,0.52,14.02,2.71,-0.90,-1.70,1.45
SPU4,-10.05,5.12,5.74,-0.90,-1.70,1.45
SPU4,9.48,4.74,-0.46,-0.90,-1.70,1.45
SPU4,9.75,10.80,-9.43,-0.90,-1.70,1.45
SPU4,3.97,11.41,-10.92,-0.90,-1.70,1.45
SPU4,3.97,11.41,-10.92,-2.26,-2.62,-2.08
SPU4,14.62,6.70,-11.96,-2.26,-2.62,-2.08
SPU4,14.62,6.70,-11.96,-2.84,-1.31,-5.03
SPU4,14.62,6.70,-11.96,-2.37,-3.49,-4.41
SPU4,14.62,6.70,-11.96,-3.34,-6.42,-0.62
SPU4,14.62,6.70,-11.96,7.85,-5.62,5.35
SPU4,14.62,6.70,-11.96,-6.60,3.76,7.86
SPU4,14.62,6.70,-11.96,3.46,-3.30,-0.21
SPU4,10.94,4.17,2.41,3.46,-3.30,-0.21
SPU4,0.87,16.93,1.26,3.46,-3.30,-0.21
SPU4,1.29,0.72,5.01,3.46,-3.30,-0.21
SPU4,-12.23,11.75,1.49,3.46,-3.30,-0.21
SPU4,-8.52,3.55,-2.11,3.46,-3.30,-0.21
SPU4,19.98,9.49,-16.25,3.46,-3.30,-0.21
SPU4,3.32,5.93,-10.73,3.46,-3.30,-0.21
SPU4,2.28,3.10,-8.05,3.46,-3.30,-0.21
SPU4,19.02,4.48,-9.13,3.46,-3.30,-0.21
SPU4,19.02,4.48,-9.13,-2.19,0.27,-3.03
SPU4,-8.82,-0.08,0.45,-2.19,0.27,-3.03
SPU4,-8.82,-0.08,0.45,-0.07,0.06,1.64
SPU4,-8.82,-0.08,0.45,6.77,-1.88,-3.01
SPU4,-8.82,-0.08,0.45,1.99,-1.31,0.67
SPU4,-8.82,-0.08,0.45,-2.57,2.13,0.00
SPU4,3.62,-1.96,-1.88,-2.57,2.13,0.00
SPU4,-12.35,5.86,-2.07,-2.57,2.13,0.00
SPU4,-5.95,6.31,-6.59,-2.57,2.13,0.00
SPU4,12.39,4.52,-5.25,-2.57,2.13,0.00
SPU4,5.31,5.24,-2.15,-2.57,2.13,0.00
SPU4,25.73,6.39,-2.19,-2.57,2.13,0.00
SPU4,16.46,4.97,-0.27,-2.57,2.13,0.00
SPU4,8.41,7.81,0.61,-2.57,2.13,0.00
SPU4,8.41,7.81,0.61,-1.47,5.03,-4.36
SPU4,-8.48,1.18,2.52,-1.47,5.03,-4.36
SPU4,0.87,3.52,-1.27,-1.47,5.03,-4.36
SPU4,0.87,3.52,-1.27,2.09,-0.12,0.50
SPU4,13.24,10.64,-11.77,2.09,-0.12,0.50
SPU4,13.24,10.64,-11.77,0.17,3.43,-1.46
SPU4,13.24,10.64,-11.77,-1.03,-0.75,-0.45
SPU4,13.24,10.64,-11.77,-0.84,3.58,-0.65
SPU4,5.00,-0.62,0.80,-0.84,3.58,-0.65
SPU4,9.60,7.04,-4.45,-0.84,3.58,-0.65
SPU4,12.13,9.15,-4.49,-0.84,3.58,-0.65
SPU4,9.68,7.39,-5.02,-0.84,3.58,-0.65
SPU4,14.27,2.87,-4.79,-0.84,3.58,-0.65
SPU4,3.59,4.52,-2.46,-0.84,3.58,-0.65
SPU4,1.29,8.50,-2.19,-0.84,3.58,-0.65
SPU4,1.29,8.50,-2.19,-1.45,0.47,-1.70
SPU4,1.02,5.55,1.37,-1.45,0.47,-1.70
SPU4,1.02,5.55,1.37,0.19,-2.89,-0.16
SPU4,32.43,0.15,-11.27,0.19,-2.89,-0.16
SPU4,4.12,11.52,-1.12,0.40,-0.51,-0.33
SPU4,-0.40,10.11,-0.96,0.40,-0.51,-0.33
SPU4,1.40,10.61,-1.46,0.40,-0.51,-0.33
SPU4,1.90,10.11,-0.04,0.40,-0.51,-0.33
SPU4,1.90,10.11,-0.04,-0.01,0.21,-0.23
SPU4,2.25,9.80,-0.50,-0.01,0.21,-0.23
SPU4,2.25,9.80,-0.50,-0.09,0.39,-0.25
SPU4,2.25,9.80,-0.50,-0.09,0.47,-0.26
SPU4,2.25,9.80,-0.50,-0.08,0.47,-0.28
SPU4,4.62,7.12,-0.27,-0.08,0.47,-0.28
SPU4,-6.76,15.97,-1.50,-0.08,0.47,-0.28
SPU4,2.86,7.96,2.02,-0.08,0.47,-0.28
SPU4,-3.69,11.83,-0.89,-0.08,0.47,-0.28
SPU4,0.75,9.23,0.30,-0.08,0.47,-0.28
SPU4,0.60,11.03,-0.70,-0.08,0.47,-0.28
SPU4,1.17,9.99,0.03,-0.08,0.47,-0.28
SPU4,1.17,9.99,0.03,0.03,0.04,-0.01
SPU4,0.37,9.99,-0.01,0.03,0.04,-0.01
SPU4,0.37,9.99,-0.01,-0.04,-0.02,-0.02
SPU4,0.37,9.99,-0.01,-0.03,-0.05,-0.04
SPU4,0.68,9.72,-0.16,-0.03,-0.05,-0.04
SPU4,0.68,9.72,-0.16,-0.04,-0.01,-0.02
SPU4,0.68,9.72,-0.16,-0.06,0.12,-0.01
SPU4,0.68,9.72,-0.16,0.01,0.23,-0.08
SPU4,0.94,9.30,-0.66,0.01,0.23,-0.08
SPU4,-0.55,9.57,0.61,0.01,0.23,-0.08
SPU4,0.18,10.14,0.15,0.01,0.23,-0.08
SPU4,1.94,9.72,-0.12,0.01,0.23,-0.08
SPU4,0.79,9.95,0.11,0.01,0.23,-0.08
SPU4,1.21,9.46,0.03,0.01,0.23,-0.08
deviceID,aX,aY,aZ,gX,gY,gZ
SPU2,2.57,0.07,-19.28,-4.46,1.85,-0.71
SPU2,2.69,13.17,-13.23,-4.46,1.85,-0.71
SPU2,-4.25,9.64,-6.26,-4.46,1.85,-0.71
SPU2,1.73,-7.60,0.98,-4.46,1.85,-0.71
SPU2,-17.38,12.90,-16.14,-4.46,1.85,-0.71
SPU2,-17.38,12.90,-16.14,-0.67,-0.18,-0.55
SPU2,7.52,-29.66,-2.66,-0.67,-0.18,-0.55
SPU2,7.52,-29.66,-2.66,-0.46,0.82,-0.62
SPU2,7.52,-29.66,-2.66,-1.75,-1.70,-1.82
SPU2,2.96,-5.03,0.71,-1.75,-1.70,-1.82
SPU2,2.96,-5.03,0.71,-2.39,0.61,-2.25
SPU2,0.73,-19.47,-8.63,-2.39,0.61,-2.25
SPU2,0.73,-19.47,-8.63,2.76,-0.52,0.17
SPU2,0.73,-19.47,-8.63,5.03,-2.71,0.95
SPU2,0.73,-19.47,-8.63,5.99,-0.99,1.44
SPU2,-7.54,13.05,-7.79,5.99,-0.99,1.44
SPU2,-5.62,12.32,-12.92,5.99,-0.99,1.44
SPU2,5.75,-36.82,-20.78,5.99,-0.99,1.44
SPU2,-6.16,-22.19,-21.43,5.99,-0.99,1.44
SPU2,13.72,-23.07,-6.45,5.99,-0.99,1.44
SPU2,7.86,-17.13,0.48,5.99,-0.99,1.44
SPU2,-5.47,-10.16,6.04,5.99,-0.99,1.44
SPU2,-5.47,-10.16,6.04,-3.27,-2.93,-0.97
SPU2,19.43,-9.13,3.55,-3.27,-2.93,-0.97
SPU2,-9.26,-26.25,-11.05,-3.27,-2.93,-0.97
SPU2,-9.26,-26.25,-11.05,3.18,-2.99,0.30
SPU2,11.50,-6.37,-15.91,3.18,-2.99,0.30
SPU2,11.50,-6.37,-15.91,5.89,1.43,2.72
SPU2,11.50,-6.37,-15.91,2.06,-1.50,1.00
SPU2,11.50,-6.37,-15.91,-1.28,-0.19,-0.12
SPU2,11.50,-6.37,-15.91,-12.33,-2.91,-2.53
SPU2,11.50,-6.37,-15.91,-5.83,2.63,-1.65
SPU2,-11.83,-20.66,-18.36,-5.83,2.63,-1.65
SPU2,18.62,-32.61,2.40,-5.83,2.63,-1.65
SPU2,-3.29,-6.48,5.00,-5.83,2.63,-1.65
SPU2,-11.71,1.02,5.62,-5.83,2.63,-1.65
SPU2,5.33,-7.48,2.17,-5.83,2.63,-1.65
SPU2,5.33,-7.48,2.17,-0.01,-2.03,-0.47
SPU2,5.56,-16.21,-19.17,-0.01,-2.03,-0.47
SPU2,5.68,-4.15,-15.14,-0.01,-2.03,-0.47
SPU2,5.68,-4.15,-15.14,6.72,-2.54,2.00
SPU2,5.37,5.77,-9.32,6.72,-2.54,2.00
SPU2,5.37,5.77,-9.32,-2.21,-0.53,-0.70
SPU2,-13.55,5.28,-11.81,-2.21,-0.53,-0.70
SPU2,-13.55,5.28,-11.81,-7.04,2.05,-1.39
SPU2,-13.55,5.28,-11.81,1.90,0.98,0.17
SPU2,13.76,-19.62,-4.88,1.90,0.98,0.17
SPU2,13.76,-19.62,-4.88,-1.42,2.87,-0.54
SPU2,-0.41,-1.77,3.36,-1.42,2.87,-0.54
SPU2,14.83,-11.54,0.91,-1.42,2.87,-0.54
SPU2,-7.08,-25.41,-17.94,-1.42,2.87,-0.54
SPU2,-3.71,-10.28,-18.67,-1.42,2.87,-0.54
SPU2,-2.29,-4.30,-18.44,-1.42,2.87,-0.54
SPU2,6.94,-0.51,-12.96,-1.42,2.87,-0.54
SPU2,-11.68,0.60,-9.25,-1.42,2.87,-0.54
SPU2,5.03,2.48,-6.03,-1.42,2.87,-0.54
SPU2,6.63,11.60,-9.63,-1.42,2.87,-0.54
SPU2,6.63,11.60,-9.63,4.57,1.97,3.88
SPU2,1.23,-12.31,-17.90,4.57,1.97,3.88
SPU2,1.23,-12.31,-17.90,-1.05,-1.49,-0.63
SPU2,1.23,-12.31,-17.90,0.53,-0.86,-0.82
SPU2,5.98,-12.69,0.98,0.53,-0.86,-0.82
SPU2,5.98,-12.69,0.98,-0.14,-0.66,-2.14
SPU2,5.98,-12.69,0.98,-0.73,-6.73,-4.00
SPU2,17.97,0.79,-3.19,-0.73,-6.73,-4.00
SPU2,-6.96,-29.51,-17.18,-0.73,-6.73,-4.00
SPU2,-29.22,-11.27,-13.50,-0.73,-6.73,-4.00
SPU2,7.90,-13.65,-19.51,-0.73,-6.73,-4.00
SPU2,-11.52,-6.48,-12.08,-0.73,-6.73,-4.00
SPU2,7.21,-8.44,-13.19,-0.73,-6.73,-4.00
SPU2,7.82,2.52,-6.75,-0.73,-6.73,-4.00
SPU2,13.99,4.36,-9.05,-0.73,-6.73,-4.00
SPU2,13.99,4.36,-9.05,-3.59,-2.03,-1.32
SPU2,6.02,20.18,-15.22,-3.59,-2.03,-1.32
SPU2,6.02,20.18,-15.22,0.28,-0.80,-0.80
SPU2,6.02,20.18,-15.22,0.63,-1.37,-0.95
SPU2,2.84,-9.43,3.28,0.63,-1.37,-0.95
SPU2,2.84,-9.43,3.28,0.74,-0.31,-0.84
SPU2,2.84,-9.43,3.28,-2.95,-4.97,-2.69
SPU2,2.84,-9.43,3.28,-1.55,0.46,-1.43
SPU2,7.67,-34.75,-13.50,-1.55,0.46,-1.43
SPU2,-15.58,-14.49,-22.73,-1.55,0.46,-1.43
SPU2,17.21,-9.32,-22.16,-1.55,0.46,-1.43
SPU2,0.16,1.10,-16.25,-1.55,0.46,-1.43
SPU2,8.32,4.39,-6.68,-1.55,0.46,-1.43
SPU2,2.34,11.41,-6.98,-1.55,0.46,-1.43
SPU2,-5.32,-11.77,-0.17,-1.55,0.46,-1.43
SPU2,-5.32,-11.77,-0.17,-4.91,-0.08,-1.30
SPU2,-4.09,-21.62,-18.75,-4.91,-0.08,-1.30
SPU2,-4.09,-21.62,-18.75,-0.09,-2.36,-1.21
SPU2,-4.09,-21.62,-18.75,-1.11,3.22,-0.10
SPU2,-11.79,-12.96,6.84,-1.11,3.22,-0.10
SPU2,-11.79,-12.96,6.84,-3.10,-3.09,-1.43
SPU2,-11.79,-12.96,6.84,-2.44,4.41,-0.77
SPU2,-11.79,-12.96,6.84,1.12,0.25,-0.06
SPU2,1.54,-13.57,-19.05,1.12,0.25,-0.06
SPU2,2.69,-8.13,-15.95,1.12,0.25,-0.06
SPU2,6.56,-5.14,-14.49,1.12,0.25,-0.06
SPU2,-2.83,15.43,-7.60,1.12,0.25,-0.06
SPU2,-3.29,8.42,-7.10,1.12,0.25,-0.06
SPU2,21.00,-39.05,-30.70,1.12,0.25,-0.06
SPU2,7.52,-23.04,-22.92,1.12,0.25,-0.06
SPU2,7.52,-23.04,-22.92,-2.85,-2.37,-0.47
SPU2,14.87,-21.46,-4.42,-2.85,-2.37,-0.47
SPU2,14.87,-21.46,-4.42,-1.14,3.64,0.60
SPU2,14.87,-21.46,-4.42,-1.89,-0.89,-0.37
SPU2,20.16,-6.71,6.65,-1.89,-0.89,-0.37
SPU2,20.16,-6.71,6.65,-3.75,6.42,1.12
SPU2,20.16,-6.71,6.65,1.31,-2.28,0.62
SPU2,20.16,-6.71,6.65,4.87,0.87,2.45
SPU2,7.36,0.79,-13.50,4.87,0.87,2.45
SPU2,12.50,5.35,-11.20,4.87,0.87,2.45
SPU2,-4.55,9.41,-5.80,4.87,0.87,2.45
SPU2,-14.36,-41.08,-10.70,4.87,0.87,2.45
SPU2,14.64,1.25,-20.74,4.87,0.87,2.45
SPU2,-21.98,-33.80,-15.41,4.87,0.87,2.45
SPU2,16.17,-19.93,-2.70,4.87,0.87,2.45
SPU2,-2.71,-3.77,-4.69,4.87,0.87,2.45
SPU2,-6.39,-6.21,2.05,4.87,0.87,2.45
SPU2,-6.39,-6.21,2.05,-3.67,3.02,1.63
SPU2,8.09,-9.51,-8.21,-3.67,3.02,1.63
SPU2,8.40,-10.85,-19.59,-3.67,3.02,1.63
SPU2,8.40,-10.85,-19.59,2.98,4.20,3.04
SPU2,-5.36,-5.72,-14.49,2.98,4.20,3.04
SPU2,-5.36,-5.72,-14.49,6.22,-0.76,0.59
SPU2,-5.36,-5.72,-14.49,6.64,3.59,0.49
SPU2,-9.07,8.57,-6.14,6.64,3.59,0.49
SPU2,-1.98,-2.62,-1.09,6.64,3.59,0.49
SPU2,-13.86,-20.50,-1.66,6.64,3.59,0.49
SPU2,0.70,-26.10,-4.73,6.64,3.59,0.49
SPU2,-6.66,-4.15,-14.27,6.64,3.59,0.49
SPU2,6.41,-8.67,-6.37,6.64,3.59,0.49
SPU2,7.29,-16.41,-3.42,6.64,3.59,0.49
SPU2,0.28,-9.09,0.79,6.64,3.59,0.49
SPU2,0.28,-9.09,0.79,-2.62,1.89,0.27
SPU2,-1.68,-5.80,4.96,-2.62,1.89,0.27
SPU2,-0.49,-20.47,-13.92,-2.62,1.89,0.27
SPU2,-0.49,-20.47,-13.92,-0.98,4.23,1.49
SPU2,-0.72,-14.11,-12.88,-0.98,4.23,1.49
SPU2,-0.72,-14.11,-12.88,4.91,-4.71,2.62
SPU2,-0.72,-14.11,-12.88,6.03,1.22,2.74
SPU2,1.54,0.30,-5.84,6.03,1.22,2.74
SPU2,-0.03,7.38,-4.42,6.03,1.22,2.74
SPU2,39.20,-30.27,-35.91,6.03,1.22,2.74
SPU2,16.67,24.01,-12.96,6.03,1.22,2.74
SPU2,-12.33,1.10,-8.59,6.03,1.22,2.74
SPU2,5.33,-7.63,-5.34,6.03,1.22,2.74
SPU2,-5.43,-6.79,-4.84,6.03,1.22,2.74
SPU2,-2.68,-7.29,1.48,3.77,0.98,3.38
SPU2,-8.69,-4.07,3.43,3.77,0.98,3.38
SPU2,6.48,-7.18,2.52,3.77,0.98,3.38
SPU2,6.48,-7.18,2.52,-2.99,1.62,-1.12
SPU2,4.26,-8.32,-15.87,-2.99,1.62,-1.12
SPU2,18.39,-12.12,-12.46,-2.99,1.62,-1.12
SPU2,18.39,-12.12,-12.46,4.04,3.02,-0.18
SPU2,-6.08,-2.31,-8.13,4.04,3.02,-0.18
SPU2,-6.08,-2.31,-8.13,3.75,-2.93,-2.24
SPU2,-6.08,-2.31,-8.13,1.37,-3.11,-2.29
SPU2,-6.54,0.26,-5.84,1.37,-3.11,-2.29
SPU2,6.29,-32.92,-7.56,1.37,-3.11,-2.29
SPU2,-4.32,-23.80,-18.32,1.37,-3.11,-2.29
SPU2,-6.73,-7.40,-12.31,1.37,-3.11,-2.29
SPU2,17.29,-16.52,-2.43,1.37,-3.11,-2.29
SPU2,1.08,-3.57,3.17,1.37,-3.11,-2.29
SPU2,-11.18,5.16,3.13,1.37,-3.11,-2.29
SPU2,17.93,-1.20,-5.61,1.37,-3.11,-2.29
SPU2,17.93,-1.20,-5.61,0.50,2.95,0.02
SPU2,-12.56,-16.68,-8.75,0.50,2.95,0.02
SPU2,9.70,-13.61,-12.04,0.50,2.95,0.02
SPU2,9.70,-13.61,-12.04,4.01,-1.82,2.16
SPU2,1.46,2.29,-3.54,4.01,-1.82,2.16
SPU2,1.46,2.29,-3.54,-3.40,-0.01,-0.53
SPU2,1.46,2.29,-3.54,-1.53,-6.27,-0.30
SPU2,14.26,-11.96,-10.93,-1.53,-6.27,-0.30
SPU2,-0.57,-9.74,-13.23,-1.53,-6.27,-0.30
SPU2,3.53,-8.09,-8.67,-1.53,-6.27,-0.30
SPU2,2.88,-9.01,-4.84,-1.53,-6.27,-0.30
SPU2,2.84,-7.25,-4.07,-1.53,-6.27,-0.30
SPU2,-3.17,-5.87,-1.85,-1.53,-6.27,-0.30
SPU2,-0.61,-5.22,-2.50,-1.53,-6.27,-0.30
SPU2,4.84,-12.16,-5.61,-1.53,-6.27,-0.30
SPU2,4.84,-12.16,-5.61,0.59,1.27,0.55
SPU2,-2.48,-15.72,-2.20,0.59,1.27,0.55
SPU2,8.40,-1.85,-2.81,0.59,1.27,0.55
SPU2,8.40,-1.85,-2.81,-0.63,3.63,0.71
SPU2,-7.54,-1.93,3.05,-0.63,3.63,0.71
SPU2,-7.54,-1.93,3.05,-3.19,-2.76,-1.38
SPU2,-7.54,-1.93,3.05,-1.70,-0.13,-0.02
SPU2,5.06,0.56,-15.84,-1.70,-0.13,-0.02
SPU2,-2.60,-9.51,-5.76,-1.70,-0.13,-0.02
SPU2,2.38,-9.09,-1.66,-1.70,-0.13,-0.02
SPU2,-1.71,-8.13,-0.43,-1.70,-0.13,-0.02
SPU2,-0.41,-9.24,-0.86,-1.70,-0.13,-0.02
SPU2,1.20,-9.63,-1.93,-1.70,-0.13,-0.02
SPU2,-2.37,-9.24,-2.54,-1.70,-0.13,-0.02
SPU2,4.26,-9.17,-2.12,-1.70,-0.13,-0.02
SPU2,1.31,-9.39,-1.74,0.01,0.07,0.02
SPU2,1.23,-9.36,-1.59,0.01,0.07,0.02
SPU2,0.50,-9.55,-1.36,0.01,0.07,0.02
SPU2,0.62,-9.47,-1.16,0.01,0.07,0.02
SPU2,0.62,-9.47,-1.16,0.00,0.05,0.01
SPU2,1.04,-9.47,-1.51,0.00,0.05,0.01
SPU2,1.04,-9.47,-1.51,0.04,-0.02,-0.00
SPU2,1.04,-9.47,-1.51,0.05,0.05,0.02
SPU2,1.23,-9.43,-1.16,0.05,0.05,0.02
SPU2,1.23,-9.43,-1.16,0.43,0.86,0.14
SPU2,1.23,-9.43,-1.16,0.28,-0.37,-0.01
SPU2,0.77,-9.78,-1.59,0.28,-0.37,-0.01
SPU2,3.91,-9.01,-1.28,0.28,-0.37,-0.01
SPU2,-1.07,-9.59,-1.85,0.28,-0.37,-0.01
SPU2,1.77,-9.43,-1.28,0.28,-0.37,-0.01
SPU2,0.62,-9.43,-1.32,0.28,-0.37,-0.01
SPU2,0.85,-9.47,-1.36,0.28,-0.37,-0.01
SPU2,1.20,-9.43,-1.36,0.28,-0.37,-0.01
SPU2,0.62,-9.47,-1.36,0.28,-0.37,-0.01
deviceID,aX,aY,aZ,gX,gY,gZ
SPU1,-1.29,-1.93,-0.69,-1.44,3.33,-0.62
SPU1,0.79,-19.09,-8.62,-1.44,3.33,-0.62
SPU1,-7.11,-5.33,-2.03,-1.44,3.33,-0.62
SPU1,-3.70,-12.15,-3.06,-1.44,3.33,-0.62
SPU1,-5.42,-8.21,-1.49,-1.44,3.33,-0.62
SPU1,-7.07,-9.51,-0.04,-1.44,3.33,-0.62
SPU1,-4.54,-8.78,2.26,-1.44,3.33,-0.62
SPU1,-4.20,0.76,-3.10,-1.44,3.33,-0.62
SPU1,-4.20,0.76,-3.10,4.24,-0.44,1.21
SPU1,-2.55,-0.32,-1.57,4.24,-0.44,1.21
SPU1,-2.55,-0.32,-1.57,-0.54,-1.41,-0.67
SPU1,-2.55,-0.32,-1.57,-0.30,-1.01,-1.48
SPU1,-2.55,-4.61,-1.91,-0.30,-1.01,-1.48
SPU1,-2.55,-4.61,-1.91,-1.46,2.51,-0.77
SPU1,-10.71,-7.90,-0.07,-1.46,2.51,-0.77
SPU1,-10.71,-7.90,-0.07,0.35,1.91,-0.35
SPU1,-10.71,-7.90,-0.07,-0.47,-0.73,-1.02
SPU1,-10.71,-7.90,-0.07,-0.36,0.27,-0.79
SPU1,-2.47,-7.13,-2.03,-0.36,0.27,-0.79
SPU1,-2.70,-10.35,-3.29,-0.36,0.27,-0.79
SPU1,-5.57,-11.20,-2.53,-0.36,0.27,-0.79
SPU1,-15.54,-5.83,0.31,-0.36,0.27,-0.79
SPU1,-4.43,-2.65,-1.34,-0.36,0.27,-0.79
SPU1,-4.43,-2.65,-1.34,1.87,-3.74,1.63
SPU1,1.97,-12.30,-7.85,1.87,-3.74,1.63
SPU1,1.55,-26.29,-5.25,1.87,-3.74,1.63
SPU1,1.55,-26.29,-5.25,0.23,-0.10,-0.26
SPU1,0.71,-4.11,4.25,0.23,-0.10,-0.26
SPU1,0.71,-4.11,4.25,-4.39,1.65,2.42
SPU1,0.71,-4.11,4.25,4.70,3.80,0.72
SPU1,0.71,-4.11,4.25,-1.97,1.45,-1.48
SPU1,0.71,-4.11,4.25,1.42,-2.20,-3.50
SPU1,0.71,-4.11,4.25,-0.17,0.46,-2.12
SPU1,-10.21,3.40,1.50,-0.17,0.46,-2.12
SPU1,4.20,-4.07,-1.30,-0.17,0.46,-2.12
SPU1,9.14,-3.23,-1.42,-0.17,0.46,-2.12
SPU1,-3.50,-15.83,-13.25,-0.17,0.46,-2.12
SPU1,-2.20,-10.05,-5.67,-0.17,0.46,-2.12
SPU1,2.62,-12.54,-5.29,-0.17,0.46,-2.12
SPU1,1.28,-4.87,7.93,-0.17,0.46,-2.12
SPU1,0.98,18.84,-8.58,-0.17,0.46,-2.12
SPU1,0.98,18.84,-8.58,-0.41,2.57,-0.64
SPU1,10.21,-12.42,-9.46,-0.41,2.57,-0.64
SPU1,-27.95,-35.86,-8.50,-0.41,2.57,-0.64
SPU1,-27.95,-35.86,-8.50,-1.75,-0.16,-2.71
SPU1,-27.95,-35.86,-8.50,2.46,-0.93,-1.98
SPU1,-27.95,-35.86,-8.50,1.44,-1.25,-0.16
SPU1,-27.95,-35.86,-8.50,-3.90,-5.29,-0.03
SPU1,3.58,-7.55,-6.36,-3.90,-5.29,-0.03
SPU1,1.93,-36.55,-9.84,-3.90,-5.29,-0.03
SPU1,-4.20,-10.31,-4.29,-3.90,-5.29,-0.03
SPU1,-5.80,-23.84,-6.28,-3.90,-5.29,-0.03
SPU1,6.00,-1.93,-5.02,-3.90,-5.29,-0.03
SPU1,-2.24,4.40,4.45,-3.90,-5.29,-0.03
SPU1,-2.24,4.40,4.45,-1.99,0.59,-0.50
SPU1,3.62,-34.25,-11.64,-1.99,0.59,-0.50
SPU1,0.63,-5.41,-7.74,-1.99,0.59,-0.50
SPU1,0.63,-5.41,-7.74,2.75,0.19,-2.98
SPU1,-9.44,-6.45,0.69,2.75,0.19,-2.98
SPU1,-9.44,-6.45,0.69,0.67,0.24,-1.17
SPU1,-9.44,-6.45,0.69,-0.47,-3.80,0.22
SPU1,-9.44,-6.45,0.69,-0.81,-2.68,1.19
SPU1,-9.44,-6.45,0.69,3.05,1.63,2.15
SPU1,-9.44,-6.45,0.69,1.13,1.98,3.15
SPU1,-1.21,-24.72,-8.23,1.13,1.98,3.15
SPU1,0.55,-1.66,0.16,1.13,1.98,3.15
SPU1,1.89,9.84,-3.75,1.13,1.98,3.15
SPU1,5.23,11.37,-5.71,1.13,1.98,3.15
SPU1,-8.25,-23.64,-13.21,1.13,1.98,3.15
SPU1,24.23,-0.09,-13.79,1.13,1.98,3.15
SPU1,-21.43,-17.79,-12.22,1.13,1.98,3.15
SPU1,-1.55,2.18,3.60,1.13,1.98,3.15
SPU1,-1.55,2.18,3.60,1.15,-0.76,-1.05
SPU1,-3.70,5.05,1.07,1.15,-0.76,-1.05
SPU1,-1.51,-7.25,1.19,1.15,-0.76,-1.05
SPU1,-1.51,-7.25,1.19,-4.76,-0.23,2.85
SPU1,-4.35,-24.52,-9.42,-4.76,-0.23,2.85
SPU1,-4.35,-24.52,-9.42,-1.15,2.56,2.42
SPU1,-4.35,-24.52,-9.42,0.06,0.80,0.54
SPU1,-4.35,-24.52,-9.42,2.32,-1.23,-2.37
SPU1,3.62,8.92,-7.24,2.32,-1.23,-2.37
SPU1,6.95,-17.44,-20.42,2.32,-1.23,-2.37
SPU1,-9.29,-23.64,-3.29,2.32,-1.23,-2.37
SPU1,-13.12,-14.34,-8.39,2.32,-1.23,-2.37
SPU1,1.89,-3.38,0.19,2.32,-1.23,-2.37
SPU1,1.44,-5.52,0.27,2.32,-1.23,-2.37
SPU1,-14.35,6.16,1.99,2.32,-1.23,-2.37
SPU1,-0.55,-5.49,0.35,2.32,-1.23,-2.37
SPU1,4.35,-4.34,-5.78,2.32,-1.23,-2.37
SPU1,-5.73,-17.40,-11.49,2.32,-1.23,-2.37
SPU1,-5.73,-17.40,-11.49,-2.89,1.16,1.47
SPU1,-11.40,-15.56,1.54,-2.89,1.16,1.47
SPU1,-11.40,-15.56,1.54,0.62,-4.19,-2.17
SPU1,-11.40,-15.56,1.54,-0.84,-5.16,-1.57
SPU1,-4.50,-6.10,-1.19,-0.84,-5.16,-1.57
SPU1,-4.50,-6.10,-1.19,4.92,8.16,-0.14
SPU1,-4.50,-6.10,-1.19,-6.50,3.82,-1.12
SPU1,-13.77,-20.62,-10.23,-6.50,3.82,-1.12
SPU1,8.14,-5.22,-5.71,-6.50,3.82,-1.12
SPU1,-26.57,-15.45,0.04,-6.50,3.82,-1.12
SPU1,-6.07,3.52,-5.13,-6.50,3.82,-1.12
SPU1,-3.81,-4.84,-1.99,-6.50,3.82,-1.12
SPU1,9.21,-1.31,-3.48,-6.50,3.82,-1.12
SPU1,4.23,-11.23,-10.88,-6.50,3.82,-1.12
SPU1,-9.06,2.71,-2.83,-6.50,3.82,-1.12
SPU1,-11.21,-28.09,-9.69,-6.50,3.82,-1.12
SPU1,-10.40,-13.23,-5.44,-6.50,3.82,-1.12
SPU1,4.50,-7.09,-11.99,-6.50,3.82,-1.12
SPU1,4.50,-7.09,-11.99,-0.05,-1.33,-1.05
SPU1,4.50,-7.09,-11.99,-0.14,-2.73,1.36
SPU1,4.50,-7.09,-11.99,-0.76,3.29,-0.07
SPU1,4.50,-7.09,-11.99,4.77,0.03,1.20
SPU1,4.50,-7.09,-11.99,-3.01,-0.27,-0.74
SPU1,7.53,-27.17,-10.04,-3.01,-0.27,-0.74
SPU1,-10.32,-11.46,0.42,-3.01,-0.27,-0.74
SPU1,-8.48,3.79,-4.37,-3.01,-0.27,-0.74
SPU1,-15.61,6.54,0.00,-3.01,-0.27,-0.74
SPU1,12.13,-5.68,-4.48,-3.01,-0.27,-0.74
SPU1,-8.14,-42.41,-13.25,-3.01,-0.27,-0.74
SPU1,-0.71,-6.10,-6.01,-3.01,-0.27,-0.74
SPU1,-4.81,-27.36,-7.12,-3.01,-0.27,-0.74
SPU1,-4.81,-27.36,-7.12,-0.84,-4.31,0.23
SPU1,8.60,-7.32,-4.33,-0.84,-4.31,0.23
SPU1,8.60,-7.32,-4.33,-0.97,3.56,1.20
SPU1,8.60,-7.32,-4.33,-0.79,3.81,0.79
SPU1,-31.36,-40.35,-11.22,-0.79,3.81,0.79
SPU1,-31.36,-40.35,-11.22,-1.53,1.44,-1.77
SPU1,-31.36,-40.35,-11.22,1.99,-0.77,-2.51
SPU1,-9.94,-0.13,1.27,1.99,-0.77,-2.51
SPU1,-4.85,-3.72,-0.04,1.99,-0.77,-2.51
SPU1,-8.06,9.99,2.07,1.99,-0.77,-2.51
SPU1,0.98,-6.98,-6.47,1.99,-0.77,-2.51
SPU1,-10.59,-35.25,-7.93,1.99,-0.77,-2.51
SPU1,3.62,-12.42,-5.59,1.99,-0.77,-2.51
SPU1,3.62,-12.42,-5.59,-0.03,-0.92,1.39
SPU1,3.27,-3.11,-4.10,-0.03,-0.92,1.39
SPU1,-7.11,-3.04,3.07,-0.03,-0.92,1.39
SPU1,-7.11,-3.04,3.07,-4.68,3.54,1.60
SPU1,-18.95,-19.32,-8.58,-4.68,3.54,1.60
SPU1,-18.95,-19.32,-8.58,2.73,6.45,-3.06
SPU1,-18.95,-19.32,-8.58,-7.37,0.52,-2.02
SPU1,-18.95,-19.32,-8.58,4.03,2.59,-2.89
SPU1,-18.95,-19.32,-8.58,-0.53,1.27,-1.16
SPU1,-18.95,-19.32,-8.58,1.42,2.69,-0.25
SPU1,-7.57,1.64,4.06,1.42,2.69,-0.25
SPU1,4.58,-10.93,-11.80,1.42,2.69,-0.25
SPU1,6.07,-8.82,-10.38,1.42,2.69,-0.25
SPU1,8.52,-4.61,-5.21,1.42,2.69,-0.25
SPU1,-3.89,-7.13,0.23,1.42,2.69,-0.25
SPU1,-4.08,3.79,3.72,1.42,2.69,-0.25
SPU1,-1.93,10.30,-7.39,1.42,2.69,-0.25
SPU1,7.91,-12.69,-15.63,1.42,2.69,-0.25
SPU1,7.91,-12.69,-15.63,0.99,-1.89,-2.52
SPU1,15.92,-2.65,-12.26,0.99,-1.89,-2.52
SPU1,15.92,-2.65,-12.26,5.92,-0.03,-0.86
SPU1,15.92,-2.65,-12.26,0.19,1.88,-0.11
SPU1,-6.72,-2.54,-0.80,0.19,1.88,-0.11
SPU1,-6.72,-2.54,-0.80,0.83,-0.94,0.75
SPU1,-6.72,-2.54,-0.80,1.10,0.94,3.59
SPU1,-6.38,-47.01,-14.98,1.10,0.94,3.59
SPU1,-12.59,5.70,-1.80,1.10,0.94,3.59
SPU1,-14.69,-18.59,-6.70,1.10,0.94,3.59
SPU1,7.49,-1.35,-6.59,1.10,0.94,3.59
SPU1,8.91,-0.55,-4.59,1.10,0.94,3.59
SPU1,-10.71,0.14,4.33,1.10,0.94,3.59
SPU1,-10.71,0.14,4.33,-2.13,1.36,-1.76
SPU1,-5.88,-16.56,0.19,-2.13,1.36,-1.76
SPU1,-4.08,-3.84,-12.56,-2.13,1.36,-1.76
SPU1,-4.08,-3.84,-12.56,3.59,-0.19,-2.70
SPU1,-13.96,-3.69,-5.63,3.59,-0.19,-2.70
SPU1,-13.96,-3.69,-5.63,0.90,2.26,-1.77
SPU1,-13.96,-3.69,-5.63,0.51,2.50,-0.69
SPU1,-13.96,-3.69,-5.63,-0.25,0.92,-0.68
SPU1,-13.96,-3.69,-5.63,-0.19,-0.50,0.24
SPU1,-13.96,-3.69,-5.63,-0.59,-0.54,1.61
SPU1,-1.86,-48.96,-14.94,-0.59,-0.54,1.61
SPU1,3.81,-8.70,-2.95,-0.59,-0.54,1.61
SPU1,-5.69,-24.98,-4.21,-0.59,-0.54,1.61
SPU1,5.38,-1.35,-3.06,-0.59,-0.54,1.61
SPU1,2.93,1.91,3.98,-0.59,-0.54,1.61
SPU1,-12.62,4.66,-4.02,-0.59,-0.54,1.61
SPU1,-1.40,-13.68,-8.39,-0.59,-0.54,1.61
SPU1,29.79,-12.96,-13.56,-0.59,-0.54,1.61
SPU1,29.79,-12.96,-13.56,-3.55,1.11,0.39
SPU1,2.85,-21.50,-9.42,-3.55,1.11,0.39
SPU1,2.85,-21.50,-9.42,-0.44,2.88,-0.11
SPU1,2.85,-21.50,-9.42,2.21,1.36,-0.13
SPU1,-5.61,4.70,-0.19,2.21,1.36,-0.13
SPU1,-5.61,4.70,-0.19,0.53,2.44,2.52
SPU1,-5.61,4.70,-0.19,-5.55,3.28,3.16
SPU1,-1.17,-3.76,-6.05,-5.55,3.28,3.16
SPU1,-6.49,-27.21,-5.52,-5.55,3.28,3.16
SPU1,-1.63,-8.82,-3.29,-5.55,3.28,3.16
SPU1,1.40,-2.08,-5.52,-5.55,3.28,3.16
SPU1,-12.09,5.66,-3.37,-5.55,3.28,3.16
SPU1,-9.10,-3.30,-2.91,-5.55,3.28,3.16
SPU1,-9.10,-3.30,-2.91,7.57,-6.09,2.55
SPU1,33.19,3.29,-14.59,7.57,-6.09,2.55
SPU1,-29.82,-45.63,-13.14,7.57,-6.09,2.55
SPU1,-1.97,-11.23,-4.98,7.57,-6.09,2.55
SPU1,-2.47,-5.22,-4.90,7.57,-6.09,2.55
SPU1,-2.47,-5.22,-4.90,1.95,1.64,1.57
SPU1,-2.47,-5.22,-4.90,-0.15,1.37,3.15
SPU1,-2.47,-5.22,-4.90,-0.21,-0.59,2.03
SPU1,-2.47,-5.22,-4.90,6.00,-1.04,1.31
SPU1,-2.47,-5.22,-4.90,-1.10,1.09,0.93
SPU1,-4.77,-10.66,1.61,-1.10,1.09,0.93
SPU1,1.66,-2.23,-0.96,-1.10,1.09,0.93
SPU1,-5.77,9.88,-8.81,-1.10,1.09,0.93
SPU1,-0.79,-9.59,6.86,-1.10,1.09,0.93
SPU1,7.53,-15.48,-18.66,-1.10,1.09,0.93
SPU1,11.70,-16.40,-17.24,-1.10,1.09,0.93
SPU1,3.04,-12.50,-10.19,-1.10,1.09,0.93
SPU1,5.30,-10.66,-4.63,-1.10,1.09,0.93
SPU1,5.30,-10.66,-4.63,0.99,-1.75,-0.84
SPU1,1.09,2.86,-2.72,0.99,-1.75,-0.84
SPU1,1.09,2.86,-2.72,-2.71,-4.03,0.56
SPU1,1.09,2.86,-2.72,-2.12,-3.03,-2.19
SPU1,8.79,-13.99,-8.04,-2.12,-3.03,-2.19
SPU1,8.79,-13.99,-8.04,-1.77,0.86,1.74
SPU1,8.79,-13.99,-8.04,0.27,1.04,0.48
SPU1,-3.62,-0.16,-0.19,0.27,1.04,0.48
SPU1,-1.32,15.43,-0.80,0.27,1.04,0.48
SPU1,-5.19,1.98,-1.95,0.27,1.04,0.48
SPU1,-8.91,-29.58,-14.75,0.27,1.04,0.48
SPU1,-3.05,-17.48,-5.29,0.27,1.04,0.48
SPU1,1.36,-3.23,-4.82,0.27,1.04,0.48
SPU1,1.13,-7.48,-2.87,0.27,1.04,0.48
SPU1,-10.25,-9.20,-1.03,0.27,1.04,0.48
SPU1,3.54,-3.84,-4.63,0.27,1.04,0.48
SPU1,-4.69,-3.92,-2.64,0.27,1.04,0.48
SPU1,0.17,-10.81,-1.87,0.27,1.04,0.48
SPU1,0.17,-10.81,-1.87,1.41,-0.62,-0.23
SPU1,0.17,-10.81,-1.87,-0.67,1.31,0.48
SPU1,0.17,-10.81,-1.87,0.21,0.76,0.62
SPU1,0.17,-10.81,-1.87,0.99,-1.66,0.71
SPU1,0.17,-10.81,-1.87,-1.38,-0.53,-0.66
SPU1,-1.55,-6.64,-0.19,-1.38,-0.53,-0.66
SPU1,-10.25,-38.36,-9.12,-1.38,-0.53,-0.66
SPU1,-0.98,-13.91,-0.61,-1.38,-0.53,-0.66
SPU1,-7.80,-15.37,-2.76,-1.38,-0.53,-0.66
SPU1,-3.43,-6.68,-4.67,-1.38,-0.53,-0.66
SPU1,3.24,-1.70,-3.10,-1.38,-0.53,-0.66
SPU1,-11.24,-10.16,-1.76,-1.38,-0.53,-0.66
SPU1,-4.85,-4.95,-2.87,-1.38,-0.53,-0.66
SPU1,-4.85,-4.95,-2.87,-0.15,-1.22,-0.42
SPU1,1.25,-8.86,-3.21,-0.15,-1.22,-0.42
SPU1,1.25,-8.86,-3.21,-0.04,0.97,0.13
SPU1,1.25,-8.86,-3.21,0.08,-0.73,-0.18
SPU1,-2.28,-8.21,-3.14,0.08,-0.73,-0.18
SPU1,-2.28,-8.21,-3.14,-0.24,0.10,-0.22
SPU1,-2.28,-8.21,-3.14,-0.05,-0.22,-0.22
SPU1,-2.28,-8.21,-3.14,-0.09,-0.42,-0.28
SPU1,-2.20,-8.78,-2.22,-0.09,-0.42,-0.28
SPU1,-4.66,-6.98,-2.72,-0.09,-0.42,-0.28
SPU1,-1.09,-10.05,-3.21,-0.09,-0.42,-0.28
SPU1,-1.09,-10.05,-3.21,-0.36,-1.03,-0.11
SPU1,-0.40,-10.46,-2.87,-0.36,-1.03,-0.11
SPU1,0.79,-8.48,-2.53,-0.36,-1.03,-0.11
SPU1,-5.08,-9.59,-1.99,-0.36,-1.03,-0.11
SPU1,-4.23,-7.67,-2.30,-0.36,-1.03,-0.11
SPU1,-3.47,-8.25,-2.22,-0.36,-1.03,-0.11
SPU1,-2.12,-8.40,-2.57,-0.36,-1.03,-0.11
SPU1,-2.12,-8.40,-2.57,-0.02,0.26,0.09
SPU1,-3.93,-8.78,-2.34,-0.02,0.26,0.09
SPU1,-3.93,-8.78,-2.34,0.04,-0.10,-0.01
SPU1,-3.93,-8.78,-2.34,0.05,0.23,0.08
SPU1,-2.36,-7.71,-1.57,0.05,0.23,0.08
SPU1,-2.36,-7.71,-1.57,-0.96,1.01,0.08
SPU1,-2.36,-7.71,-1.57,0.68,-0.40,0.05
SPU1,-7.57,-9.70,0.00,0.68,-0.40,0.05
SPU1,0.98,-6.87,-2.68,0.68,-0.40,0.05
SPU1,-4.00,-9.70,-2.83,0.68,-0.40,0.05
SPU1,-4.62,-9.36,-2.72,0.68,-0.40,0.05
SPU1,-1.78,-8.09,-2.41,0.68,-0.40,0.05
SPU1,-2.70,-8.59,-2.37,0.68,-0.40,0.05
SPU1,-2.70,-8.59,-2.37,0.02,0.05,-0.02
SPU1,-3.93,-8.36,-2.37,0.02,0.05,-0.02
SPU1,-3.93,-8.36,-2.37,0.03,0.04,-0.06
SPU1,-3.93,-8.36,-2.37,-0.08,0.12,-0.01
SPU1,-3.54,-8.55,-2.57,-0.08,0.12,-0.01
SPU1,-3.54,-8.55,-2.57,-0.07,-0.27,-0.03
SPU1,-2.36,-8.63,-2.68,-0.07,-0.27,-0.03
SPU1,-2.36,-8.63,-2.68,-0.08,0.07,0.07
SPU1,-2.36,-8.63,-2.68,0.01,-0.03,0.04
SPU1,-2.36,-8.63,-2.68,0.05,-0.02,0.01
SPU1,-2.62,-8.89,-2.61,0.05,-0.02,0.01
SPU1,-3.73,-8.40,-2.53,0.05,-0.02,0.01
SPU1,-3.81,-8.28,-2.49,0.05,-0.02,0.01
SPU1,-3.31,-8.25,-3.29,0.05,-0.02,0.01
SPU1,-4.96,-6.48,-3.37,0.05,-0.02,0.01
SPU1,-0.06,-8.09,-3.98,0.05,-0.02,0.01
SPU1,-6.87,-6.29,-3.45,0.05,-0.02,0.01
SPU1,-2.24,-11.12,-2.76,0.05,-0.02,0.01
SPU1,-2.24,-11.12,-2.76,0.33,-0.99,-0.21
SPU1,-2.24,-7.40,-0.88,0.33,-0.99,-0.21
SPU1,-2.24,-7.40,-0.88,0.37,0.60,0.05
SPU1,-2.24,-7.40,-0.88,0.15,0.77,0.06
SPU1,-6.07,-8.89,-1.76,0.15,0.77,0.06
SPU1,-6.07,-8.89,-1.76,0.15,-0.27,-0.05
SPU1,-6.07,-8.89,-1.76,-0.10,0.27,-0.06
SPU1,-4.46,-8.63,-1.72,-0.10,0.27,-0.06
deviceID,aX,aY,aZ,gX,gY,gZ
SPU3,15.44,22.18,-13.06,1.39,-1.45,-0.18
SPU3,-8.96,33.29,-8.35,1.39,-1.45,-0.18
SPU3,-8.96,33.29,-8.35,0.46,-0.38,-0.59
SPU3,1.07,6.36,-1.72,0.46,-0.38,-0.59
SPU3,1.07,6.36,-1.72,1.48,4.76,-0.48
SPU3,1.07,6.36,-1.72,-0.17,-1.91,-2.05
SPU3,1.07,6.36,-1.72,4.07,1.64,-2.30
SPU3,3.10,-5.21,-5.59,4.07,1.64,-2.30
SPU3,-14.44,23.79,-3.75,4.07,1.64,-2.30
SPU3,7.28,5.59,-5.44,4.07,1.64,-2.30
SPU3,0.54,-4.48,0.50,4.07,1.64,-2.30
SPU3,-6.70,-3.52,-6.17,4.07,1.64,-2.30
SPU3,-8.43,19.92,-10.38,4.07,1.64,-2.30
SPU3,17.20,0.69,-12.79,4.07,1.64,-2.30
SPU3,-12.87,27.93,-12.11,4.07,1.64,-2.30
SPU3,0.57,2.95,-4.98,4.07,1.64,-2.30
SPU3,0.57,2.95,-4.98,-2.63,1.09,0.95
SPU3,0.57,2.95,-4.98,-0.51,1.27,0.25
SPU3,-16.59,-7.62,-2.18,-0.51,1.27,0.25
SPU3,-16.59,-7.62,-2.18,5.47,-4.12,-3.07
SPU3,-16.59,-7.62,-2.18,-1.50,1.68,-3.13
SPU3,-2.03,22.22,-9.08,-1.50,1.68,-3.13
SPU3,-2.03,22.22,-9.08,0.22,-1.27,-0.38
SPU3,8.43,6.47,0.00,0.22,-1.27,-0.38
SPU3,-2.37,-15.44,-3.29,0.22,-1.27,-0.38
SPU3,-17.93,17.66,-0.04,0.22,-1.27,-0.38
SPU3,29.84,-14.44,-3.03,0.22,-1.27,-0.38
SPU3,-17.24,34.44,-14.21,0.22,-1.27,-0.38
SPU3,-11.64,3.10,-3.68,0.22,-1.27,-0.38
SPU3,-7.01,13.91,-6.28,0.22,-1.27,-0.38
SPU3,-7.12,-4.83,-2.22,0.22,-1.27,-0.38
SPU3,-9.61,-7.89,-5.40,0.22,-1.27,-0.38
SPU3,1.38,6.47,1.80,0.22,-1.27,-0.38
SPU3,-3.03,34.55,-10.46,0.22,-1.27,-0.38
SPU3,-3.03,34.55,-10.46,3.60,0.36,-1.84
SPU3,-3.14,18.54,-3.68,3.60,0.36,-1.84
SPU3,-3.14,18.54,-3.68,1.92,-0.19,1.14
SPU3,-3.14,18.54,-3.68,-3.32,3.49,0.73
SPU3,-11.34,-13.71,-4.29,-3.32,3.49,0.73
SPU3,-11.34,-13.71,-4.29,-7.32,-5.02,-0.19
SPU3,2.64,32.56,-8.85,-7.32,-5.02,-0.19
SPU3,-20.84,30.80,-13.56,-7.32,-5.02,-0.19
SPU3,-1.49,12.79,-4.83,-7.32,-5.02,-0.19
SPU3,-2.37,-9.46,-2.91,-7.32,-5.02,-0.19
SPU3,-11.22,3.37,1.11,-7.32,-5.02,-0.19
SPU3,-0.23,6.55,2.80,-7.32,-5.02,-0.19
SPU3,6.09,49.61,-15.78,-7.32,-5.02,-0.19
SPU3,2.61,13.60,-8.77,-7.32,-5.02,-0.19
SPU3,2.61,13.60,-8.77,-1.18,-0.41,-1.02
SPU3,4.41,-1.04,-3.71,-1.18,-0.41,-1.02
SPU3,-1.49,3.87,5.48,-1.18,-0.41,-1.02
SPU3,-1.49,3.87,5.48,7.63,-10.04,-2.17
SPU3,0.65,43.48,-28.92,7.63,-10.04,-2.17
SPU3,0.65,43.48,-28.92,2.35,2.87,2.41
SPU3,0.65,43.48,-28.92,-5.15,-1.40,1.74
SPU3,0.65,43.48,-28.92,0.36,3.45,1.70
SPU3,0.65,43.48,-28.92,-2.73,2.43,0.17
SPU3,0.65,43.48,-28.92,0.23,3.78,-0.14
SPU3,-7.93,2.76,-0.15,0.23,3.78,-0.14
SPU3,-4.79,3.71,-2.37,0.23,3.78,-0.14
SPU3,9.46,9.27,-5.75,0.23,3.78,-0.14
SPU3,-13.68,30.34,-4.56,0.23,3.78,-0.14
SPU3,-6.28,9.58,0.15,0.23,3.78,-0.14
SPU3,8.20,13.33,-8.08,0.23,3.78,-0.14
SPU3,9.42,-4.37,-4.41,0.23,3.78,-0.14
SPU3,9.42,-4.37,-4.41,-0.10,4.41,-1.50
SPU3,-22.41,-3.14,-2.34,-0.10,4.41,-1.50
SPU3,0.11,39.23,-5.44,-0.10,4.41,-1.50
SPU3,0.11,39.23,-5.44,3.42,6.85,-0.43
SPU3,-22.52,29.61,-13.02,3.42,6.85,-0.43
SPU3,-0.69,11.11,-8.01,3.42,6.85,-0.43
SPU3,-0.69,11.11,-8.01,-1.53,5.15,0.08
SPU3,-0.69,11.11,-8.01,-0.95,4.31,-0.67
SPU3,-0.69,11.11,-8.01,-0.05,0.35,-0.28
SPU3,-0.69,11.11,-8.01,2.58,-1.18,-1.78
SPU3,3.41,32.68,-9.61,2.58,-1.18,-1.78
SPU3,-0.84,12.41,-7.01,2.58,-1.18,-1.78
SPU3,-7.12,23.02,-5.71,2.58,-1.18,-1.78
SPU3,3.75,8.27,-2.76,2.58,-1.18,-1.78
SPU3,8.58,-6.82,-0.54,2.58,-1.18,-1.78
SPU3,-3.10,-15.32,-2.80,2.58,-1.18,-1.78
SPU3,-23.29,20.30,-2.95,2.58,-1.18,-1.78
SPU3,36.62,-6.59,-12.83,2.58,-1.18,-1.78
SPU3,-1.15,24.40,-10.46,2.58,-1.18,-1.78
SPU3,7.20,-1.42,-6.59,2.58,-1.18,-1.78
SPU3,7.20,-1.42,-6.59,-4.00,2.76,0.74
SPU3,7.20,-1.42,-6.59,-0.57,1.89,0.35
SPU3,-12.14,-4.25,-4.56,-0.57,1.89,0.35
SPU3,-12.14,-4.25,-4.56,2.16,-3.42,-1.12
SPU3,-12.14,-4.25,-4.56,7.92,-1.58,-3.07
SPU3,-12.14,-4.25,-4.56,-1.60,1.18,-4.08
SPU3,-12.14,-4.25,-4.56,0.96,1.68,-1.80
SPU3,3.41,4.86,-1.99,0.96,1.68,-1.80
SPU3,8.39,5.98,0.88,0.96,1.68,-1.80
SPU3,-1.11,-17.81,-7.85,0.96,1.68,-1.80
SPU3,-17.12,38.69,-7.74,0.96,1.68,-1.80
SPU3,30.99,-6.63,-10.23,0.96,1.68,-1.80
SPU3,2.45,38.27,-11.88,0.96,1.68,-1.80
SPU3,-2.84,7.16,-5.13,0.96,1.68,-1.80
SPU3,-11.61,9.04,-4.98,0.96,1.68,-1.80
SPU3,-6.66,0.42,-2.87,0.96,1.68,-1.80
SPU3,-4.67,-6.93,-3.95,0.96,1.68,-1.80
SPU3,-4.67,-6.93,-3.95,2.36,-2.35,-2.98
SPU3,-4.67,-6.93,-3.95,-2.93,1.00,-2.43
SPU3,-2.72,11.49,-8.31,-2.93,1.00,-2.43
SPU3,-2.72,11.49,-8.31,0.45,-1.78,-0.95
SPU3,-2.72,11.49,-8.31,1.06,-2.31,0.26
SPU3,8.70,3.22,-0.30,1.06,-2.31,0.26
SPU3,8.70,3.22,-0.30,-0.30,3.90,-0.23
SPU3,8.70,3.22,-0.30,9.09,-1.39,-2.15
SPU3,-13.98,11.45,-5.67,9.09,-1.39,-2.15
SPU3,-31.68,44.44,-14.33,9.09,-1.39,-2.15
SPU3,1.80,8.54,-2.49,9.09,-1.39,-2.15
SPU3,5.59,-7.51,-2.30,9.09,-1.39,-2.15
SPU3,-8.70,-8.46,-6.24,9.09,-1.39,-2.15
SPU3,-3.95,4.56,2.22,9.09,-1.39,-2.15
SPU3,8.16,45.51,-19.73,9.09,-1.39,-2.15
SPU3,8.16,45.51,-19.73,5.34,0.70,-1.39
SPU3,-8.46,31.14,-7.32,5.34,0.70,-1.39
SPU3,2.91,-1.65,-2.03,5.34,0.70,-1.39
SPU3,2.91,-1.65,-2.03,-1.75,-1.51,1.93
SPU3,-4.86,-6.66,5.48,-1.75,-1.51,1.93
SPU3,-4.86,-6.66,5.48,2.42,-0.22,0.54
SPU3,-4.86,-6.66,5.48,-8.71,-1.36,-0.67
SPU3,-7.93,4.02,-7.09,-8.71,-1.36,-0.67
SPU3,-7.93,4.02,-7.09,-2.62,-1.99,1.74
SPU3,-7.93,4.02,-7.09,1.39,3.40,3.19
SPU3,-24.67,14.90,-7.20,1.39,3.40,3.19
SPU3,-1.91,-4.52,-3.52,1.39,3.40,3.19
SPU3,-6.89,2.07,-2.45,1.39,3.40,3.19
SPU3,5.94,-4.06,-1.38,1.39,3.40,3.19
SPU3,-5.05,34.02,-14.59,1.39,3.40,3.19
SPU3,1.19,26.12,-6.70,1.39,3.40,3.19
SPU3,-10.34,34.86,-9.84,1.39,3.40,3.19
SPU3,-10.34,34.86,-9.84,1.49,-3.91,-0.11
SPU3,7.59,5.02,-9.04,1.49,-3.91,-0.11
SPU3,3.48,10.50,4.41,1.49,-3.91,-0.11
SPU3,3.48,10.50,4.41,3.71,2.56,-0.82
SPU3,-2.87,21.53,0.34,3.71,2.56,-0.82
SPU3,24.90,-13.52,-6.86,3.71,2.56,-0.82
SPU3,24.90,-13.52,-6.86,-6.46,-2.94,1.61
SPU3,24.90,-13.52,-6.86,2.75,-2.63,1.97
SPU3,24.90,-13.52,-6.86,-2.76,0.14,2.05
SPU3,24.90,-13.52,-6.86,-0.69,0.04,0.14
SPU3,-6.82,-1.80,-1.95,-0.69,0.04,0.14
SPU3,1.42,6.17,-1.95,-0.69,0.04,0.14
SPU3,14.10,41.83,-16.43,-0.69,0.04,0.14
SPU3,-2.03,13.52,-5.63,-0.69,0.04,0.14
SPU3,-7.28,6.86,-2.49,-0.69,0.04,0.14
SPU3,-2.72,2.64,-4.71,-0.69,0.04,0.14
SPU3,7.39,11.80,-5.36,-0.69,0.04,0.14
SPU3,-7.62,-10.11,-3.10,-0.69,0.04,0.14
SPU3,-10.88,-1.15,-2.49,-0.69,0.04,0.14
SPU3,-1.19,35.63,-13.06,-0.69,0.04,0.14
SPU3,-1.19,35.63,-13.06,5.98,3.02,0.78
SPU3,-22.41,37.20,-9.58,5.98,3.02,0.78
SPU3,3.52,11.80,-7.70,5.98,3.02,0.78
SPU3,3.52,11.80,-7.70,-0.99,-1.96,1.82
SPU3,3.52,11.80,-7.70,-0.84,-1.76,0.10
SPU3,3.52,11.80,-7.70,0.44,-1.59,-0.75
SPU3,3.52,11.80,-7.70,0.41,-3.52,-1.00
SPU3,3.87,5.98,-6.78,0.41,-3.52,-1.00
SPU3,2.07,4.10,-8.27,0.41,-3.52,-1.00
SPU3,-3.22,15.02,-1.72,0.41,-3.52,-1.00
SPU3,6.51,8.08,-5.94,0.41,-3.52,-1.00
SPU3,-9.04,-1.07,3.75,0.41,-3.52,-1.00
SPU3,-12.72,-10.19,-1.91,0.41,-3.52,-1.00
SPU3,11.84,19.27,-8.58,0.41,-3.52,-1.00
SPU3,19.23,-3.98,-11.03,0.41,-3.52,-1.00
SPU3,31.26,14.36,-16.74,0.41,-3.52,-1.00
SPU3,-19.46,20.72,-5.36,0.41,-3.52,-1.00
SPU3,-19.46,20.72,-5.36,0.13,0.47,0.60
SPU3,-19.46,20.72,-5.36,0.63,1.48,-0.46
SPU3,-5.29,-7.82,-2.64,0.63,1.48,-0.46
SPU3,-5.29,-7.82,-2.64,9.09,1.37,-2.62
SPU3,-5.29,-7.82,-2.64,-0.54,-0.00,0.50
SPU3,-4.29,27.77,-4.71,-0.54,-0.00,0.50
SPU3,-4.29,27.77,-4.71,-1.45,-2.37,0.08
SPU3,14.59,8.58,-9.16,-1.45,-2.37,0.08
SPU3,-14.44,-7.16,-5.59,-1.45,-2.37,0.08
SPU3,-25.78,-9.73,-3.41,-1.45,-2.37,0.08
SPU3,9.31,20.84,-7.24,-1.45,-2.37,0.08
SPU3,-16.13,2.99,2.57,-1.45,-2.37,0.08
SPU3,15.55,39.30,-16.82,-1.45,-2.37,0.08
SPU3,-13.25,12.18,-2.14,-1.45,-2.37,0.08
SPU3,2.41,-1.19,-3.95,-1.45,-2.37,0.08
SPU3,2.41,-1.19,-3.95,0.55,3.54,-1.41
SPU3,-14.82,-1.11,2.11,0.55,3.54,-1.41
SPU3,2.34,32.41,-7.32,0.55,3.54,-1.41
SPU3,2.34,32.41,-7.32,1.97,-0.97,0.62
SPU3,2.45,24.36,-3.87,1.97,-0.97,0.62
SPU3,2.45,24.36,-3.87,0.72,0.84,-0.70
SPU3,2.45,24.36,-3.87,-0.73,2.39,-0.25
SPU3,-9.00,5.67,1.68,-0.73,2.39,-0.25
SPU3,-9.00,5.67,1.68,0.30,-1.95,0.32
SPU3,-9.00,5.67,1.68,0.86,-3.23,0.21
SPU3,13.06,13.98,-7.78,0.86,-3.23,0.21
SPU3,-13.71,28.77,-10.57,0.86,-3.23,0.21
SPU3,1.99,5.63,-6.40,0.86,-3.23,0.21
SPU3,0.34,-6.24,0.15,0.86,-3.23,0.21
SPU3,2.68,-4.06,-0.23,0.86,-3.23,0.21
SPU3,-7.74,2.07,-0.96,0.86,-3.23,0.21
SPU3,-10.19,10.15,-14.06,0.86,-3.23,0.21
SPU3,-10.19,10.15,-14.06,1.82,1.10,-0.87
SPU3,-1.65,19.19,-8.35,1.82,1.10,-0.87
SPU3,-2.95,-6.66,-5.32,1.82,1.10,-0.87
SPU3,-2.95,-6.66,-5.32,0.28,-0.65,1.07
SPU3,-4.48,8.31,-2.84,0.28,-0.65,1.07
SPU3,-4.48,8.31,-2.84,0.15,0.05,0.01
SPU3,-4.48,8.31,-2.84,-0.09,0.07,-0.10
SPU3,-4.48,8.31,-2.84,-0.12,-0.18,0.02
SPU3,-4.48,8.31,-2.84,0.03,0.29,-0.02
SPU3,-4.48,8.31,-2.84,0.09,0.29,0.02
SPU3,-1.68,8.01,-3.79,0.09,0.29,0.02
SPU3,-1.53,10.57,-4.21,0.09,0.29,0.02
SPU3,-2.18,8.54,-4.02,0.09,0.29,0.02
SPU3,-2.22,9.08,-3.48,0.09,0.29,0.02
SPU3,-2.22,8.27,-3.60,0.09,0.29,0.02
SPU3,-0.42,7.47,-2.68,0.09,0.29,0.02
SPU3,-5.94,9.61,-4.37,0.09,0.29,0.02
SPU3,-5.94,9.61,-4.37,-0.36,0.25,-0.27
SPU3,-3.60,8.66,-3.68,-0.36,0.25,-0.27
SPU3,-1.91,10.19,-3.60,-0.36,0.25,-0.27
SPU3,-1.91,10.19,-3.60,0.08,-0.15,0.08
SPU3,-1.91,10.19,-3.60,-0.27,-0.05,0.09
SPU3,-1.99,8.08,-3.33,-0.27,-0.05,0.09
SPU3,-1.99,8.08,-3.33,-0.09,0.01,-0.02
SPU3,-1.99,8.08,-3.33,0.01,-0.07,0.02
SPU3,-1.99,8.08,-3.33,0.01,-0.10,0.06
SPU3,-1.99,8.08,-3.33,-0.05,0.01,0.01
SPU3,-1.88,9.50,-3.18,-0.05,0.01,0.01
SPU3,-2.11,9.42,-2.95,-0.05,0.01,0.01
SPU3,-1.42,9.00,-3.29,-0.05,0.01,0.01
SPU3,-0.73,8.04,-3.68,-0.05,0.01,0.01
SPU3,-4.06,9.04,-3.37,-0.05,0.01,0.01
SPU3,-1.95,9.08,-3.26,-0.05,0.01,0.01
SPU3,-2.03,9.35,-3.14,-0.05,0.01,0.01
SPU3,-2.37,9.08,-3.14,-0.05,0.01,0.01
SPU3,-1.65,9.20,-3.14,-0.05,0.01,0.01
SPU3,-1.76,9.42,-3.26,-0.05,0.01,0.01
SPU3,-1.76,9.42,-3.26,0.00,-0.02,0.04
SPU3,-1.76,9.42,-3.26,-0.04,-0.02,0.03
SPU3,-1.49,9.04,-3.10,-0.04,-0.02,0.03
SPU3,-1.49,9.04,-3.10,-0.07,0.04,0.03
SPU3,-1.49,9.04,-3.10,-0.04,0.10,0.02
SPU3,-1.95,9.16,-3.14,-0.04,0.10,0.02
SPU3,-1.95,9.16,-3.14,-0.01,0.05,-0.04
SPU3,-1.95,9.16,-3.14,0.05,0.16,-0.05
SPU3,-1.72,8.93,-2.87,0.05,0.16,-0.05
SPU3,-2.11,9.08,-2.99,0.05,0.16,-0.05
SPU3,-1.53,9.23,-3.03,0.05,0.16,-0.05
SPU3,-1.53,9.12,-3.10,0.05,0.16,-0.05
SPU3,-1.72,8.73,-3.14,0.05,0.16,-0.05
SPU3,-5.59,6.89,-4.29,0.05,0.16,-0.05
SPU3,-6.51,7.66,-3.22,0.05,0.16,-0.05
SPU3,-3.91,12.22,-4.14,0.05,0.16,-0.05
SPU3,5.13,11.26,1.30,0.05,0.16,-0.05
SPU3,-6.93,10.42,-4.75,0.05,0.16,-0.05
SPU3,-6.93,10.42,-4.75,0.29,0.06,0.11
SPU3,-2.64,7.36,-4.18,0.29,0.06,0.11
SPU3,-2.64,7.36,-4.18,0.32,0.12,0.11
SPU3,-2.64,7.36,-4.18,-0.22,-0.70,0.06
SPU3,0.92,7.85,-4.60,-0.22,-0.70,0.06
SPU3,0.92,7.85,-4.60,0.03,-0.04,0.08
SPU3,0.92,7.85,-4.60,-0.02,-0.19,0.10
SPU3,-2.18,8.66,-4.06,-0.02,-0.19,0.10
